2025-08-05 22:24:00 [[31merror[39m]: uncaughtException: Cannot find module 'uuid'
Require stack:
- C:\Users\Ivan Xavier\CascadeProjects\roulette_go\backend_js\routes\auth.js
- C:\Users\Ivan Xavier\CascadeProjects\roulette_go\backend_js\server.js
Error: Cannot find module 'uuid'
Require stack:
- C:\Users\Ivan Xavier\CascadeProjects\roulette_go\backend_js\routes\auth.js
- C:\Users\Ivan Xavier\CascadeProjects\roulette_go\backend_js\server.js
    at Function._resolveFilename (node:internal/modules/cjs/loader:1401:15)
    at defaultResolveImpl (node:internal/modules/cjs/loader:1057:19)
    at resolveForCJSWithHooks (node:internal/modules/cjs/loader:1062:22)
    at Function._load (node:internal/modules/cjs/loader:1211:37)
    at TracingChannel.traceSync (node:diagnostics_channel:322:14)
    at wrapModuleLoad (node:internal/modules/cjs/loader:235:24)
    at Module.require (node:internal/modules/cjs/loader:1487:12)
    at require (node:internal/modules/helpers:135:16)
    at Object.<anonymous> (C:\Users\Ivan Xavier\CascadeProjects\roulette_go\backend_js\routes\auth.js:4:24)
    at Module._compile (node:internal/modules/cjs/loader:1730:14)
{
  "error": {
    "code": "MODULE_NOT_FOUND",
    "requireStack": [
      "C:\\Users\\Ivan Xavier\\CascadeProjects\\roulette_go\\backend_js\\routes\\auth.js",
      "C:\\Users\\Ivan Xavier\\CascadeProjects\\roulette_go\\backend_js\\server.js"
    ]
  },
  "stack": "Error: Cannot find module 'uuid'\nRequire stack:\n- C:\\Users\\Ivan Xavier\\CascadeProjects\\roulette_go\\backend_js\\routes\\auth.js\n- C:\\Users\\Ivan Xavier\\CascadeProjects\\roulette_go\\backend_js\\server.js\n    at Function._resolveFilename (node:internal/modules/cjs/loader:1401:15)\n    at defaultResolveImpl (node:internal/modules/cjs/loader:1057:19)\n    at resolveForCJSWithHooks (node:internal/modules/cjs/loader:1062:22)\n    at Function._load (node:internal/modules/cjs/loader:1211:37)\n    at TracingChannel.traceSync (node:diagnostics_channel:322:14)\n    at wrapModuleLoad (node:internal/modules/cjs/loader:235:24)\n    at Module.require (node:internal/modules/cjs/loader:1487:12)\n    at require (node:internal/modules/helpers:135:16)\n    at Object.<anonymous> (C:\\Users\\Ivan Xavier\\CascadeProjects\\roulette_go\\backend_js\\routes\\auth.js:4:24)\n    at Module._compile (node:internal/modules/cjs/loader:1730:14)",
  "exception": true,
  "date": "Tue Aug 05 2025 22:24:00 GMT-0300 (Horário Padrão de Brasília)",
  "process": {
    "pid": 25540,
    "uid": null,
    "gid": null,
    "cwd": "C:\\Users\\Ivan Xavier\\CascadeProjects\\roulette_go\\backend_js",
    "execPath": "C:\\Program Files\\nodejs\\node.exe",
    "version": "v22.16.0",
    "argv": [
      "C:\\Program Files\\nodejs\\node.exe",
      "C:\\Users\\Ivan Xavier\\CascadeProjects\\roulette_go\\backend_js\\server.js"
    ],
    "memoryUsage": {
      "rss": 53248000,
      "heapTotal": 18411520,
      "heapUsed": 11133984,
      "external": 2297392,
      "arrayBuffers": 18852
    }
  },
  "os": {
    "loadavg": [
      0,
      0,
      0
    ],
    "uptime": 104973.734
  },
  "trace": [
    {
      "column": 15,
      "file": "node:internal/modules/cjs/loader",
      "function": "Function._resolveFilename",
      "line": 1401,
      "method": "_resolveFilename",
      "native": false
    },
    {
      "column": 19,
      "file": "node:internal/modules/cjs/loader",
      "function": "defaultResolveImpl",
      "line": 1057,
      "method": null,
      "native": false
    },
    {
      "column": 22,
      "file": "node:internal/modules/cjs/loader",
      "function": "resolveForCJSWithHooks",
      "line": 1062,
      "method": null,
      "native": false
    },
    {
      "column": 37,
      "file": "node:internal/modules/cjs/loader",
      "function": "Function._load",
      "line": 1211,
      "method": "_load",
      "native": false
    },
    {
      "column": 14,
      "file": "node:diagnostics_channel",
      "function": "TracingChannel.traceSync",
      "line": 322,
      "method": "traceSync",
      "native": false
    },
    {
      "column": 24,
      "file": "node:internal/modules/cjs/loader",
      "function": "wrapModuleLoad",
      "line": 235,
      "method": null,
      "native": false
    },
    {
      "column": 12,
      "file": "node:internal/modules/cjs/loader",
      "function": "Module.require",
      "line": 1487,
      "method": "require",
      "native": false
    },
    {
      "column": 16,
      "file": "node:internal/modules/helpers",
      "function": "require",
      "line": 135,
      "method": null,
      "native": false
    },
    {
      "column": 24,
      "file": "C:\\Users\\Ivan Xavier\\CascadeProjects\\roulette_go\\backend_js\\routes\\auth.js",
      "function": null,
      "line": 4,
      "method": null,
      "native": false
    },
    {
      "column": 14,
      "file": "node:internal/modules/cjs/loader",
      "function": "Module._compile",
      "line": 1730,
      "method": "_compile",
      "native": false
    }
  ]
}
2025-08-05 22:24:21 [[31merror[39m]: uncaughtException: Cannot find module 'uuid'
Require stack:
- C:\Users\Ivan Xavier\CascadeProjects\roulette_go\backend_js\routes\auth.js
- C:\Users\Ivan Xavier\CascadeProjects\roulette_go\backend_js\server.js
Error: Cannot find module 'uuid'
Require stack:
- C:\Users\Ivan Xavier\CascadeProjects\roulette_go\backend_js\routes\auth.js
- C:\Users\Ivan Xavier\CascadeProjects\roulette_go\backend_js\server.js
    at Function._resolveFilename (node:internal/modules/cjs/loader:1401:15)
    at defaultResolveImpl (node:internal/modules/cjs/loader:1057:19)
    at resolveForCJSWithHooks (node:internal/modules/cjs/loader:1062:22)
    at Function._load (node:internal/modules/cjs/loader:1211:37)
    at TracingChannel.traceSync (node:diagnostics_channel:322:14)
    at wrapModuleLoad (node:internal/modules/cjs/loader:235:24)
    at Module.require (node:internal/modules/cjs/loader:1487:12)
    at require (node:internal/modules/helpers:135:16)
    at Object.<anonymous> (C:\Users\Ivan Xavier\CascadeProjects\roulette_go\backend_js\routes\auth.js:4:24)
    at Module._compile (node:internal/modules/cjs/loader:1730:14)
{
  "error": {
    "code": "MODULE_NOT_FOUND",
    "requireStack": [
      "C:\\Users\\Ivan Xavier\\CascadeProjects\\roulette_go\\backend_js\\routes\\auth.js",
      "C:\\Users\\Ivan Xavier\\CascadeProjects\\roulette_go\\backend_js\\server.js"
    ]
  },
  "stack": "Error: Cannot find module 'uuid'\nRequire stack:\n- C:\\Users\\Ivan Xavier\\CascadeProjects\\roulette_go\\backend_js\\routes\\auth.js\n- C:\\Users\\Ivan Xavier\\CascadeProjects\\roulette_go\\backend_js\\server.js\n    at Function._resolveFilename (node:internal/modules/cjs/loader:1401:15)\n    at defaultResolveImpl (node:internal/modules/cjs/loader:1057:19)\n    at resolveForCJSWithHooks (node:internal/modules/cjs/loader:1062:22)\n    at Function._load (node:internal/modules/cjs/loader:1211:37)\n    at TracingChannel.traceSync (node:diagnostics_channel:322:14)\n    at wrapModuleLoad (node:internal/modules/cjs/loader:235:24)\n    at Module.require (node:internal/modules/cjs/loader:1487:12)\n    at require (node:internal/modules/helpers:135:16)\n    at Object.<anonymous> (C:\\Users\\Ivan Xavier\\CascadeProjects\\roulette_go\\backend_js\\routes\\auth.js:4:24)\n    at Module._compile (node:internal/modules/cjs/loader:1730:14)",
  "exception": true,
  "date": "Tue Aug 05 2025 22:24:21 GMT-0300 (Horário Padrão de Brasília)",
  "process": {
    "pid": 26132,
    "uid": null,
    "gid": null,
    "cwd": "C:\\Users\\Ivan Xavier\\CascadeProjects\\roulette_go\\backend_js",
    "execPath": "C:\\Program Files\\nodejs\\node.exe",
    "version": "v22.16.0",
    "argv": [
      "C:\\Program Files\\nodejs\\node.exe",
      "C:\\Users\\Ivan Xavier\\CascadeProjects\\roulette_go\\backend_js\\server.js"
    ],
    "memoryUsage": {
      "rss": 53334016,
      "heapTotal": 18673664,
      "heapUsed": 11157128,
      "external": 2297392,
      "arrayBuffers": 18852
    }
  },
  "os": {
    "loadavg": [
      0,
      0,
      0
    ],
    "uptime": 104994.968
  },
  "trace": [
    {
      "column": 15,
      "file": "node:internal/modules/cjs/loader",
      "function": "Function._resolveFilename",
      "line": 1401,
      "method": "_resolveFilename",
      "native": false
    },
    {
      "column": 19,
      "file": "node:internal/modules/cjs/loader",
      "function": "defaultResolveImpl",
      "line": 1057,
      "method": null,
      "native": false
    },
    {
      "column": 22,
      "file": "node:internal/modules/cjs/loader",
      "function": "resolveForCJSWithHooks",
      "line": 1062,
      "method": null,
      "native": false
    },
    {
      "column": 37,
      "file": "node:internal/modules/cjs/loader",
      "function": "Function._load",
      "line": 1211,
      "method": "_load",
      "native": false
    },
    {
      "column": 14,
      "file": "node:diagnostics_channel",
      "function": "TracingChannel.traceSync",
      "line": 322,
      "method": "traceSync",
      "native": false
    },
    {
      "column": 24,
      "file": "node:internal/modules/cjs/loader",
      "function": "wrapModuleLoad",
      "line": 235,
      "method": null,
      "native": false
    },
    {
      "column": 12,
      "file": "node:internal/modules/cjs/loader",
      "function": "Module.require",
      "line": 1487,
      "method": "require",
      "native": false
    },
    {
      "column": 16,
      "file": "node:internal/modules/helpers",
      "function": "require",
      "line": 135,
      "method": null,
      "native": false
    },
    {
      "column": 24,
      "file": "C:\\Users\\Ivan Xavier\\CascadeProjects\\roulette_go\\backend_js\\routes\\auth.js",
      "function": null,
      "line": 4,
      "method": null,
      "native": false
    },
    {
      "column": 14,
      "file": "node:internal/modules/cjs/loader",
      "function": "Module._compile",
      "line": 1730,
      "method": "_compile",
      "native": false
    }
  ]
}
2025-08-05 22:24:22 [[31merror[39m]: uncaughtException: Cannot find module 'uuid'
Require stack:
- C:\Users\Ivan Xavier\CascadeProjects\roulette_go\backend_js\routes\auth.js
- C:\Users\Ivan Xavier\CascadeProjects\roulette_go\backend_js\server.js
Error: Cannot find module 'uuid'
Require stack:
- C:\Users\Ivan Xavier\CascadeProjects\roulette_go\backend_js\routes\auth.js
- C:\Users\Ivan Xavier\CascadeProjects\roulette_go\backend_js\server.js
    at Function._resolveFilename (node:internal/modules/cjs/loader:1401:15)
    at defaultResolveImpl (node:internal/modules/cjs/loader:1057:19)
    at resolveForCJSWithHooks (node:internal/modules/cjs/loader:1062:22)
    at Function._load (node:internal/modules/cjs/loader:1211:37)
    at TracingChannel.traceSync (node:diagnostics_channel:322:14)
    at wrapModuleLoad (node:internal/modules/cjs/loader:235:24)
    at Module.require (node:internal/modules/cjs/loader:1487:12)
    at require (node:internal/modules/helpers:135:16)
    at Object.<anonymous> (C:\Users\Ivan Xavier\CascadeProjects\roulette_go\backend_js\routes\auth.js:4:24)
    at Module._compile (node:internal/modules/cjs/loader:1730:14)
{
  "error": {
    "code": "MODULE_NOT_FOUND",
    "requireStack": [
      "C:\\Users\\Ivan Xavier\\CascadeProjects\\roulette_go\\backend_js\\routes\\auth.js",
      "C:\\Users\\Ivan Xavier\\CascadeProjects\\roulette_go\\backend_js\\server.js"
    ]
  },
  "stack": "Error: Cannot find module 'uuid'\nRequire stack:\n- C:\\Users\\Ivan Xavier\\CascadeProjects\\roulette_go\\backend_js\\routes\\auth.js\n- C:\\Users\\Ivan Xavier\\CascadeProjects\\roulette_go\\backend_js\\server.js\n    at Function._resolveFilename (node:internal/modules/cjs/loader:1401:15)\n    at defaultResolveImpl (node:internal/modules/cjs/loader:1057:19)\n    at resolveForCJSWithHooks (node:internal/modules/cjs/loader:1062:22)\n    at Function._load (node:internal/modules/cjs/loader:1211:37)\n    at TracingChannel.traceSync (node:diagnostics_channel:322:14)\n    at wrapModuleLoad (node:internal/modules/cjs/loader:235:24)\n    at Module.require (node:internal/modules/cjs/loader:1487:12)\n    at require (node:internal/modules/helpers:135:16)\n    at Object.<anonymous> (C:\\Users\\Ivan Xavier\\CascadeProjects\\roulette_go\\backend_js\\routes\\auth.js:4:24)\n    at Module._compile (node:internal/modules/cjs/loader:1730:14)",
  "exception": true,
  "date": "Tue Aug 05 2025 22:24:22 GMT-0300 (Horário Padrão de Brasília)",
  "process": {
    "pid": 27204,
    "uid": null,
    "gid": null,
    "cwd": "C:\\Users\\Ivan Xavier\\CascadeProjects\\roulette_go\\backend_js",
    "execPath": "C:\\Program Files\\nodejs\\node.exe",
    "version": "v22.16.0",
    "argv": [
      "C:\\Program Files\\nodejs\\node.exe",
      "C:\\Users\\Ivan Xavier\\CascadeProjects\\roulette_go\\backend_js\\server.js"
    ],
    "memoryUsage": {
      "rss": 53420032,
      "heapTotal": 18411520,
      "heapUsed": 11077216,
      "external": 2297392,
      "arrayBuffers": 18852
    }
  },
  "os": {
    "loadavg": [
      0,
      0,
      0
    ],
    "uptime": 104995.187
  },
  "trace": [
    {
      "column": 15,
      "file": "node:internal/modules/cjs/loader",
      "function": "Function._resolveFilename",
      "line": 1401,
      "method": "_resolveFilename",
      "native": false
    },
    {
      "column": 19,
      "file": "node:internal/modules/cjs/loader",
      "function": "defaultResolveImpl",
      "line": 1057,
      "method": null,
      "native": false
    },
    {
      "column": 22,
      "file": "node:internal/modules/cjs/loader",
      "function": "resolveForCJSWithHooks",
      "line": 1062,
      "method": null,
      "native": false
    },
    {
      "column": 37,
      "file": "node:internal/modules/cjs/loader",
      "function": "Function._load",
      "line": 1211,
      "method": "_load",
      "native": false
    },
    {
      "column": 14,
      "file": "node:diagnostics_channel",
      "function": "TracingChannel.traceSync",
      "line": 322,
      "method": "traceSync",
      "native": false
    },
    {
      "column": 24,
      "file": "node:internal/modules/cjs/loader",
      "function": "wrapModuleLoad",
      "line": 235,
      "method": null,
      "native": false
    },
    {
      "column": 12,
      "file": "node:internal/modules/cjs/loader",
      "function": "Module.require",
      "line": 1487,
      "method": "require",
      "native": false
    },
    {
      "column": 16,
      "file": "node:internal/modules/helpers",
      "function": "require",
      "line": 135,
      "method": null,
      "native": false
    },
    {
      "column": 24,
      "file": "C:\\Users\\Ivan Xavier\\CascadeProjects\\roulette_go\\backend_js\\routes\\auth.js",
      "function": null,
      "line": 4,
      "method": null,
      "native": false
    },
    {
      "column": 14,
      "file": "node:internal/modules/cjs/loader",
      "function": "Module._compile",
      "line": 1730,
      "method": "_compile",
      "native": false
    }
  ]
}
2025-08-05 22:29:42 [[31merror[39m]: uncaughtException: Cannot find module 'uuid'
Require stack:
- C:\Users\Ivan Xavier\CascadeProjects\roulette_go\backend_js\routes\auth.js
- C:\Users\Ivan Xavier\CascadeProjects\roulette_go\backend_js\server.js
Error: Cannot find module 'uuid'
Require stack:
- C:\Users\Ivan Xavier\CascadeProjects\roulette_go\backend_js\routes\auth.js
- C:\Users\Ivan Xavier\CascadeProjects\roulette_go\backend_js\server.js
    at Function._resolveFilename (node:internal/modules/cjs/loader:1401:15)
    at defaultResolveImpl (node:internal/modules/cjs/loader:1057:19)
    at resolveForCJSWithHooks (node:internal/modules/cjs/loader:1062:22)
    at Function._load (node:internal/modules/cjs/loader:1211:37)
    at TracingChannel.traceSync (node:diagnostics_channel:322:14)
    at wrapModuleLoad (node:internal/modules/cjs/loader:235:24)
    at Module.require (node:internal/modules/cjs/loader:1487:12)
    at require (node:internal/modules/helpers:135:16)
    at Object.<anonymous> (C:\Users\Ivan Xavier\CascadeProjects\roulette_go\backend_js\routes\auth.js:4:24)
    at Module._compile (node:internal/modules/cjs/loader:1730:14)
{
  "error": {
    "code": "MODULE_NOT_FOUND",
    "requireStack": [
      "C:\\Users\\Ivan Xavier\\CascadeProjects\\roulette_go\\backend_js\\routes\\auth.js",
      "C:\\Users\\Ivan Xavier\\CascadeProjects\\roulette_go\\backend_js\\server.js"
    ]
  },
  "stack": "Error: Cannot find module 'uuid'\nRequire stack:\n- C:\\Users\\Ivan Xavier\\CascadeProjects\\roulette_go\\backend_js\\routes\\auth.js\n- C:\\Users\\Ivan Xavier\\CascadeProjects\\roulette_go\\backend_js\\server.js\n    at Function._resolveFilename (node:internal/modules/cjs/loader:1401:15)\n    at defaultResolveImpl (node:internal/modules/cjs/loader:1057:19)\n    at resolveForCJSWithHooks (node:internal/modules/cjs/loader:1062:22)\n    at Function._load (node:internal/modules/cjs/loader:1211:37)\n    at TracingChannel.traceSync (node:diagnostics_channel:322:14)\n    at wrapModuleLoad (node:internal/modules/cjs/loader:235:24)\n    at Module.require (node:internal/modules/cjs/loader:1487:12)\n    at require (node:internal/modules/helpers:135:16)\n    at Object.<anonymous> (C:\\Users\\Ivan Xavier\\CascadeProjects\\roulette_go\\backend_js\\routes\\auth.js:4:24)\n    at Module._compile (node:internal/modules/cjs/loader:1730:14)",
  "exception": true,
  "date": "Tue Aug 05 2025 22:29:42 GMT-0300 (Horário Padrão de Brasília)",
  "process": {
    "pid": 26400,
    "uid": null,
    "gid": null,
    "cwd": "C:\\Users\\Ivan Xavier\\CascadeProjects\\roulette_go\\backend_js",
    "execPath": "C:\\Program Files\\nodejs\\node.exe",
    "version": "v22.16.0",
    "argv": [
      "C:\\Program Files\\nodejs\\node.exe",
      "C:\\Users\\Ivan Xavier\\CascadeProjects\\roulette_go\\backend_js\\server.js"
    ],
    "memoryUsage": {
      "rss": 53522432,
      "heapTotal": 18673664,
      "heapUsed": 11157168,
      "external": 2297392,
      "arrayBuffers": 18852
    }
  },
  "os": {
    "loadavg": [
      0,
      0,
      0
    ],
    "uptime": 105315.218
  },
  "trace": [
    {
      "column": 15,
      "file": "node:internal/modules/cjs/loader",
      "function": "Function._resolveFilename",
      "line": 1401,
      "method": "_resolveFilename",
      "native": false
    },
    {
      "column": 19,
      "file": "node:internal/modules/cjs/loader",
      "function": "defaultResolveImpl",
      "line": 1057,
      "method": null,
      "native": false
    },
    {
      "column": 22,
      "file": "node:internal/modules/cjs/loader",
      "function": "resolveForCJSWithHooks",
      "line": 1062,
      "method": null,
      "native": false
    },
    {
      "column": 37,
      "file": "node:internal/modules/cjs/loader",
      "function": "Function._load",
      "line": 1211,
      "method": "_load",
      "native": false
    },
    {
      "column": 14,
      "file": "node:diagnostics_channel",
      "function": "TracingChannel.traceSync",
      "line": 322,
      "method": "traceSync",
      "native": false
    },
    {
      "column": 24,
      "file": "node:internal/modules/cjs/loader",
      "function": "wrapModuleLoad",
      "line": 235,
      "method": null,
      "native": false
    },
    {
      "column": 12,
      "file": "node:internal/modules/cjs/loader",
      "function": "Module.require",
      "line": 1487,
      "method": "require",
      "native": false
    },
    {
      "column": 16,
      "file": "node:internal/modules/helpers",
      "function": "require",
      "line": 135,
      "method": null,
      "native": false
    },
    {
      "column": 24,
      "file": "C:\\Users\\Ivan Xavier\\CascadeProjects\\roulette_go\\backend_js\\routes\\auth.js",
      "function": null,
      "line": 4,
      "method": null,
      "native": false
    },
    {
      "column": 14,
      "file": "node:internal/modules/cjs/loader",
      "function": "Module._compile",
      "line": 1730,
      "method": "_compile",
      "native": false
    }
  ]
}
2025-08-05 22:29:59 [[31merror[39m]: uncaughtException: Cannot find module 'uuid'
Require stack:
- C:\Users\Ivan Xavier\CascadeProjects\roulette_go\backend_js\routes\auth.js
- C:\Users\Ivan Xavier\CascadeProjects\roulette_go\backend_js\server.js
Error: Cannot find module 'uuid'
Require stack:
- C:\Users\Ivan Xavier\CascadeProjects\roulette_go\backend_js\routes\auth.js
- C:\Users\Ivan Xavier\CascadeProjects\roulette_go\backend_js\server.js
    at Function._resolveFilename (node:internal/modules/cjs/loader:1401:15)
    at defaultResolveImpl (node:internal/modules/cjs/loader:1057:19)
    at resolveForCJSWithHooks (node:internal/modules/cjs/loader:1062:22)
    at Function._load (node:internal/modules/cjs/loader:1211:37)
    at TracingChannel.traceSync (node:diagnostics_channel:322:14)
    at wrapModuleLoad (node:internal/modules/cjs/loader:235:24)
    at Module.require (node:internal/modules/cjs/loader:1487:12)
    at require (node:internal/modules/helpers:135:16)
    at Object.<anonymous> (C:\Users\Ivan Xavier\CascadeProjects\roulette_go\backend_js\routes\auth.js:4:24)
    at Module._compile (node:internal/modules/cjs/loader:1730:14)
{
  "error": {
    "code": "MODULE_NOT_FOUND",
    "requireStack": [
      "C:\\Users\\Ivan Xavier\\CascadeProjects\\roulette_go\\backend_js\\routes\\auth.js",
      "C:\\Users\\Ivan Xavier\\CascadeProjects\\roulette_go\\backend_js\\server.js"
    ]
  },
  "stack": "Error: Cannot find module 'uuid'\nRequire stack:\n- C:\\Users\\Ivan Xavier\\CascadeProjects\\roulette_go\\backend_js\\routes\\auth.js\n- C:\\Users\\Ivan Xavier\\CascadeProjects\\roulette_go\\backend_js\\server.js\n    at Function._resolveFilename (node:internal/modules/cjs/loader:1401:15)\n    at defaultResolveImpl (node:internal/modules/cjs/loader:1057:19)\n    at resolveForCJSWithHooks (node:internal/modules/cjs/loader:1062:22)\n    at Function._load (node:internal/modules/cjs/loader:1211:37)\n    at TracingChannel.traceSync (node:diagnostics_channel:322:14)\n    at wrapModuleLoad (node:internal/modules/cjs/loader:235:24)\n    at Module.require (node:internal/modules/cjs/loader:1487:12)\n    at require (node:internal/modules/helpers:135:16)\n    at Object.<anonymous> (C:\\Users\\Ivan Xavier\\CascadeProjects\\roulette_go\\backend_js\\routes\\auth.js:4:24)\n    at Module._compile (node:internal/modules/cjs/loader:1730:14)",
  "exception": true,
  "date": "Tue Aug 05 2025 22:29:59 GMT-0300 (Horário Padrão de Brasília)",
  "process": {
    "pid": 11088,
    "uid": null,
    "gid": null,
    "cwd": "C:\\Users\\Ivan Xavier\\CascadeProjects\\roulette_go\\backend_js",
    "execPath": "C:\\Program Files\\nodejs\\node.exe",
    "version": "v22.16.0",
    "argv": [
      "C:\\Program Files\\nodejs\\node.exe",
      "C:\\Users\\Ivan Xavier\\CascadeProjects\\roulette_go\\backend_js\\server.js"
    ],
    "memoryUsage": {
      "rss": 53493760,
      "heapTotal": 18673664,
      "heapUsed": 11198480,
      "external": 2297392,
      "arrayBuffers": 18852
    }
  },
  "os": {
    "loadavg": [
      0,
      0,
      0
    ],
    "uptime": 105332.125
  },
  "trace": [
    {
      "column": 15,
      "file": "node:internal/modules/cjs/loader",
      "function": "Function._resolveFilename",
      "line": 1401,
      "method": "_resolveFilename",
      "native": false
    },
    {
      "column": 19,
      "file": "node:internal/modules/cjs/loader",
      "function": "defaultResolveImpl",
      "line": 1057,
      "method": null,
      "native": false
    },
    {
      "column": 22,
      "file": "node:internal/modules/cjs/loader",
      "function": "resolveForCJSWithHooks",
      "line": 1062,
      "method": null,
      "native": false
    },
    {
      "column": 37,
      "file": "node:internal/modules/cjs/loader",
      "function": "Function._load",
      "line": 1211,
      "method": "_load",
      "native": false
    },
    {
      "column": 14,
      "file": "node:diagnostics_channel",
      "function": "TracingChannel.traceSync",
      "line": 322,
      "method": "traceSync",
      "native": false
    },
    {
      "column": 24,
      "file": "node:internal/modules/cjs/loader",
      "function": "wrapModuleLoad",
      "line": 235,
      "method": null,
      "native": false
    },
    {
      "column": 12,
      "file": "node:internal/modules/cjs/loader",
      "function": "Module.require",
      "line": 1487,
      "method": "require",
      "native": false
    },
    {
      "column": 16,
      "file": "node:internal/modules/helpers",
      "function": "require",
      "line": 135,
      "method": null,
      "native": false
    },
    {
      "column": 24,
      "file": "C:\\Users\\Ivan Xavier\\CascadeProjects\\roulette_go\\backend_js\\routes\\auth.js",
      "function": null,
      "line": 4,
      "method": null,
      "native": false
    },
    {
      "column": 14,
      "file": "node:internal/modules/cjs/loader",
      "function": "Module._compile",
      "line": 1730,
      "method": "_compile",
      "native": false
    }
  ]
}
2025-08-05 22:31:19 [[31merror[39m]: uncaughtException: Cannot find module 'uuid'
Require stack:
- C:\Users\Ivan Xavier\CascadeProjects\roulette_go\backend_js\routes\auth.js
- C:\Users\Ivan Xavier\CascadeProjects\roulette_go\backend_js\server.js
Error: Cannot find module 'uuid'
Require stack:
- C:\Users\Ivan Xavier\CascadeProjects\roulette_go\backend_js\routes\auth.js
- C:\Users\Ivan Xavier\CascadeProjects\roulette_go\backend_js\server.js
    at Function._resolveFilename (node:internal/modules/cjs/loader:1401:15)
    at defaultResolveImpl (node:internal/modules/cjs/loader:1057:19)
    at resolveForCJSWithHooks (node:internal/modules/cjs/loader:1062:22)
    at Function._load (node:internal/modules/cjs/loader:1211:37)
    at TracingChannel.traceSync (node:diagnostics_channel:322:14)
    at wrapModuleLoad (node:internal/modules/cjs/loader:235:24)
    at Module.require (node:internal/modules/cjs/loader:1487:12)
    at require (node:internal/modules/helpers:135:16)
    at Object.<anonymous> (C:\Users\Ivan Xavier\CascadeProjects\roulette_go\backend_js\routes\auth.js:4:24)
    at Module._compile (node:internal/modules/cjs/loader:1730:14)
{
  "error": {
    "code": "MODULE_NOT_FOUND",
    "requireStack": [
      "C:\\Users\\Ivan Xavier\\CascadeProjects\\roulette_go\\backend_js\\routes\\auth.js",
      "C:\\Users\\Ivan Xavier\\CascadeProjects\\roulette_go\\backend_js\\server.js"
    ]
  },
  "stack": "Error: Cannot find module 'uuid'\nRequire stack:\n- C:\\Users\\Ivan Xavier\\CascadeProjects\\roulette_go\\backend_js\\routes\\auth.js\n- C:\\Users\\Ivan Xavier\\CascadeProjects\\roulette_go\\backend_js\\server.js\n    at Function._resolveFilename (node:internal/modules/cjs/loader:1401:15)\n    at defaultResolveImpl (node:internal/modules/cjs/loader:1057:19)\n    at resolveForCJSWithHooks (node:internal/modules/cjs/loader:1062:22)\n    at Function._load (node:internal/modules/cjs/loader:1211:37)\n    at TracingChannel.traceSync (node:diagnostics_channel:322:14)\n    at wrapModuleLoad (node:internal/modules/cjs/loader:235:24)\n    at Module.require (node:internal/modules/cjs/loader:1487:12)\n    at require (node:internal/modules/helpers:135:16)\n    at Object.<anonymous> (C:\\Users\\Ivan Xavier\\CascadeProjects\\roulette_go\\backend_js\\routes\\auth.js:4:24)\n    at Module._compile (node:internal/modules/cjs/loader:1730:14)",
  "exception": true,
  "date": "Tue Aug 05 2025 22:31:19 GMT-0300 (Horário Padrão de Brasília)",
  "process": {
    "pid": 21844,
    "uid": null,
    "gid": null,
    "cwd": "C:\\Users\\Ivan Xavier\\CascadeProjects\\roulette_go\\backend_js",
    "execPath": "C:\\Program Files\\nodejs\\node.exe",
    "version": "v22.16.0",
    "argv": [
      "C:\\Program Files\\nodejs\\node.exe",
      "C:\\Users\\Ivan Xavier\\CascadeProjects\\roulette_go\\backend_js\\server.js"
    ],
    "memoryUsage": {
      "rss": 53387264,
      "heapTotal": 18673664,
      "heapUsed": 11151664,
      "external": 2297392,
      "arrayBuffers": 18852
    }
  },
  "os": {
    "loadavg": [
      0,
      0,
      0
    ],
    "uptime": 105412.89
  },
  "trace": [
    {
      "column": 15,
      "file": "node:internal/modules/cjs/loader",
      "function": "Function._resolveFilename",
      "line": 1401,
      "method": "_resolveFilename",
      "native": false
    },
    {
      "column": 19,
      "file": "node:internal/modules/cjs/loader",
      "function": "defaultResolveImpl",
      "line": 1057,
      "method": null,
      "native": false
    },
    {
      "column": 22,
      "file": "node:internal/modules/cjs/loader",
      "function": "resolveForCJSWithHooks",
      "line": 1062,
      "method": null,
      "native": false
    },
    {
      "column": 37,
      "file": "node:internal/modules/cjs/loader",
      "function": "Function._load",
      "line": 1211,
      "method": "_load",
      "native": false
    },
    {
      "column": 14,
      "file": "node:diagnostics_channel",
      "function": "TracingChannel.traceSync",
      "line": 322,
      "method": "traceSync",
      "native": false
    },
    {
      "column": 24,
      "file": "node:internal/modules/cjs/loader",
      "function": "wrapModuleLoad",
      "line": 235,
      "method": null,
      "native": false
    },
    {
      "column": 12,
      "file": "node:internal/modules/cjs/loader",
      "function": "Module.require",
      "line": 1487,
      "method": "require",
      "native": false
    },
    {
      "column": 16,
      "file": "node:internal/modules/helpers",
      "function": "require",
      "line": 135,
      "method": null,
      "native": false
    },
    {
      "column": 24,
      "file": "C:\\Users\\Ivan Xavier\\CascadeProjects\\roulette_go\\backend_js\\routes\\auth.js",
      "function": null,
      "line": 4,
      "method": null,
      "native": false
    },
    {
      "column": 14,
      "file": "node:internal/modules/cjs/loader",
      "function": "Module._compile",
      "line": 1730,
      "method": "_compile",
      "native": false
    }
  ]
}
2025-08-05 22:31:19 [[31merror[39m]: uncaughtException: Cannot find module 'uuid'
Require stack:
- C:\Users\Ivan Xavier\CascadeProjects\roulette_go\backend_js\routes\auth.js
- C:\Users\Ivan Xavier\CascadeProjects\roulette_go\backend_js\server.js
Error: Cannot find module 'uuid'
Require stack:
- C:\Users\Ivan Xavier\CascadeProjects\roulette_go\backend_js\routes\auth.js
- C:\Users\Ivan Xavier\CascadeProjects\roulette_go\backend_js\server.js
    at Function._resolveFilename (node:internal/modules/cjs/loader:1401:15)
    at defaultResolveImpl (node:internal/modules/cjs/loader:1057:19)
    at resolveForCJSWithHooks (node:internal/modules/cjs/loader:1062:22)
    at Function._load (node:internal/modules/cjs/loader:1211:37)
    at TracingChannel.traceSync (node:diagnostics_channel:322:14)
    at wrapModuleLoad (node:internal/modules/cjs/loader:235:24)
    at Module.require (node:internal/modules/cjs/loader:1487:12)
    at require (node:internal/modules/helpers:135:16)
    at Object.<anonymous> (C:\Users\Ivan Xavier\CascadeProjects\roulette_go\backend_js\routes\auth.js:4:24)
    at Module._compile (node:internal/modules/cjs/loader:1730:14)
{
  "error": {
    "code": "MODULE_NOT_FOUND",
    "requireStack": [
      "C:\\Users\\Ivan Xavier\\CascadeProjects\\roulette_go\\backend_js\\routes\\auth.js",
      "C:\\Users\\Ivan Xavier\\CascadeProjects\\roulette_go\\backend_js\\server.js"
    ]
  },
  "stack": "Error: Cannot find module 'uuid'\nRequire stack:\n- C:\\Users\\Ivan Xavier\\CascadeProjects\\roulette_go\\backend_js\\routes\\auth.js\n- C:\\Users\\Ivan Xavier\\CascadeProjects\\roulette_go\\backend_js\\server.js\n    at Function._resolveFilename (node:internal/modules/cjs/loader:1401:15)\n    at defaultResolveImpl (node:internal/modules/cjs/loader:1057:19)\n    at resolveForCJSWithHooks (node:internal/modules/cjs/loader:1062:22)\n    at Function._load (node:internal/modules/cjs/loader:1211:37)\n    at TracingChannel.traceSync (node:diagnostics_channel:322:14)\n    at wrapModuleLoad (node:internal/modules/cjs/loader:235:24)\n    at Module.require (node:internal/modules/cjs/loader:1487:12)\n    at require (node:internal/modules/helpers:135:16)\n    at Object.<anonymous> (C:\\Users\\Ivan Xavier\\CascadeProjects\\roulette_go\\backend_js\\routes\\auth.js:4:24)\n    at Module._compile (node:internal/modules/cjs/loader:1730:14)",
  "exception": true,
  "date": "Tue Aug 05 2025 22:31:19 GMT-0300 (Horário Padrão de Brasília)",
  "process": {
    "pid": 15824,
    "uid": null,
    "gid": null,
    "cwd": "C:\\Users\\Ivan Xavier\\CascadeProjects\\roulette_go\\backend_js",
    "execPath": "C:\\Program Files\\nodejs\\node.exe",
    "version": "v22.16.0",
    "argv": [
      "C:\\Program Files\\nodejs\\node.exe",
      "C:\\Users\\Ivan Xavier\\CascadeProjects\\roulette_go\\backend_js\\server.js"
    ],
    "memoryUsage": {
      "rss": 53374976,
      "heapTotal": 18673664,
      "heapUsed": 11154504,
      "external": 2297392,
      "arrayBuffers": 18852
    }
  },
  "os": {
    "loadavg": [
      0,
      0,
      0
    ],
    "uptime": 105412.89
  },
  "trace": [
    {
      "column": 15,
      "file": "node:internal/modules/cjs/loader",
      "function": "Function._resolveFilename",
      "line": 1401,
      "method": "_resolveFilename",
      "native": false
    },
    {
      "column": 19,
      "file": "node:internal/modules/cjs/loader",
      "function": "defaultResolveImpl",
      "line": 1057,
      "method": null,
      "native": false
    },
    {
      "column": 22,
      "file": "node:internal/modules/cjs/loader",
      "function": "resolveForCJSWithHooks",
      "line": 1062,
      "method": null,
      "native": false
    },
    {
      "column": 37,
      "file": "node:internal/modules/cjs/loader",
      "function": "Function._load",
      "line": 1211,
      "method": "_load",
      "native": false
    },
    {
      "column": 14,
      "file": "node:diagnostics_channel",
      "function": "TracingChannel.traceSync",
      "line": 322,
      "method": "traceSync",
      "native": false
    },
    {
      "column": 24,
      "file": "node:internal/modules/cjs/loader",
      "function": "wrapModuleLoad",
      "line": 235,
      "method": null,
      "native": false
    },
    {
      "column": 12,
      "file": "node:internal/modules/cjs/loader",
      "function": "Module.require",
      "line": 1487,
      "method": "require",
      "native": false
    },
    {
      "column": 16,
      "file": "node:internal/modules/helpers",
      "function": "require",
      "line": 135,
      "method": null,
      "native": false
    },
    {
      "column": 24,
      "file": "C:\\Users\\Ivan Xavier\\CascadeProjects\\roulette_go\\backend_js\\routes\\auth.js",
      "function": null,
      "line": 4,
      "method": null,
      "native": false
    },
    {
      "column": 14,
      "file": "node:internal/modules/cjs/loader",
      "function": "Module._compile",
      "line": 1730,
      "method": "_compile",
      "native": false
    }
  ]
}
2025-08-05 22:31:49 [[31merror[39m]: uncaughtException: Cannot find module 'uuid'
Require stack:
- C:\Users\Ivan Xavier\CascadeProjects\roulette_go\backend_js\routes\auth.js
- C:\Users\Ivan Xavier\CascadeProjects\roulette_go\backend_js\server.js
Error: Cannot find module 'uuid'
Require stack:
- C:\Users\Ivan Xavier\CascadeProjects\roulette_go\backend_js\routes\auth.js
- C:\Users\Ivan Xavier\CascadeProjects\roulette_go\backend_js\server.js
    at Function._resolveFilename (node:internal/modules/cjs/loader:1401:15)
    at defaultResolveImpl (node:internal/modules/cjs/loader:1057:19)
    at resolveForCJSWithHooks (node:internal/modules/cjs/loader:1062:22)
    at Function._load (node:internal/modules/cjs/loader:1211:37)
    at TracingChannel.traceSync (node:diagnostics_channel:322:14)
    at wrapModuleLoad (node:internal/modules/cjs/loader:235:24)
    at Module.require (node:internal/modules/cjs/loader:1487:12)
    at require (node:internal/modules/helpers:135:16)
    at Object.<anonymous> (C:\Users\Ivan Xavier\CascadeProjects\roulette_go\backend_js\routes\auth.js:4:24)
    at Module._compile (node:internal/modules/cjs/loader:1730:14)
{
  "error": {
    "code": "MODULE_NOT_FOUND",
    "requireStack": [
      "C:\\Users\\Ivan Xavier\\CascadeProjects\\roulette_go\\backend_js\\routes\\auth.js",
      "C:\\Users\\Ivan Xavier\\CascadeProjects\\roulette_go\\backend_js\\server.js"
    ]
  },
  "stack": "Error: Cannot find module 'uuid'\nRequire stack:\n- C:\\Users\\Ivan Xavier\\CascadeProjects\\roulette_go\\backend_js\\routes\\auth.js\n- C:\\Users\\Ivan Xavier\\CascadeProjects\\roulette_go\\backend_js\\server.js\n    at Function._resolveFilename (node:internal/modules/cjs/loader:1401:15)\n    at defaultResolveImpl (node:internal/modules/cjs/loader:1057:19)\n    at resolveForCJSWithHooks (node:internal/modules/cjs/loader:1062:22)\n    at Function._load (node:internal/modules/cjs/loader:1211:37)\n    at TracingChannel.traceSync (node:diagnostics_channel:322:14)\n    at wrapModuleLoad (node:internal/modules/cjs/loader:235:24)\n    at Module.require (node:internal/modules/cjs/loader:1487:12)\n    at require (node:internal/modules/helpers:135:16)\n    at Object.<anonymous> (C:\\Users\\Ivan Xavier\\CascadeProjects\\roulette_go\\backend_js\\routes\\auth.js:4:24)\n    at Module._compile (node:internal/modules/cjs/loader:1730:14)",
  "exception": true,
  "date": "Tue Aug 05 2025 22:31:49 GMT-0300 (Horário Padrão de Brasília)",
  "process": {
    "pid": 16824,
    "uid": null,
    "gid": null,
    "cwd": "C:\\Users\\Ivan Xavier\\CascadeProjects\\roulette_go\\backend_js",
    "execPath": "C:\\Program Files\\nodejs\\node.exe",
    "version": "v22.16.0",
    "argv": [
      "C:\\Program Files\\nodejs\\node.exe",
      "C:\\Users\\Ivan Xavier\\CascadeProjects\\roulette_go\\backend_js\\server.js"
    ],
    "memoryUsage": {
      "rss": 53268480,
      "heapTotal": 18673664,
      "heapUsed": 11155808,
      "external": 2297392,
      "arrayBuffers": 18852
    }
  },
  "os": {
    "loadavg": [
      0,
      0,
      0
    ],
    "uptime": 105442.281
  },
  "trace": [
    {
      "column": 15,
      "file": "node:internal/modules/cjs/loader",
      "function": "Function._resolveFilename",
      "line": 1401,
      "method": "_resolveFilename",
      "native": false
    },
    {
      "column": 19,
      "file": "node:internal/modules/cjs/loader",
      "function": "defaultResolveImpl",
      "line": 1057,
      "method": null,
      "native": false
    },
    {
      "column": 22,
      "file": "node:internal/modules/cjs/loader",
      "function": "resolveForCJSWithHooks",
      "line": 1062,
      "method": null,
      "native": false
    },
    {
      "column": 37,
      "file": "node:internal/modules/cjs/loader",
      "function": "Function._load",
      "line": 1211,
      "method": "_load",
      "native": false
    },
    {
      "column": 14,
      "file": "node:diagnostics_channel",
      "function": "TracingChannel.traceSync",
      "line": 322,
      "method": "traceSync",
      "native": false
    },
    {
      "column": 24,
      "file": "node:internal/modules/cjs/loader",
      "function": "wrapModuleLoad",
      "line": 235,
      "method": null,
      "native": false
    },
    {
      "column": 12,
      "file": "node:internal/modules/cjs/loader",
      "function": "Module.require",
      "line": 1487,
      "method": "require",
      "native": false
    },
    {
      "column": 16,
      "file": "node:internal/modules/helpers",
      "function": "require",
      "line": 135,
      "method": null,
      "native": false
    },
    {
      "column": 24,
      "file": "C:\\Users\\Ivan Xavier\\CascadeProjects\\roulette_go\\backend_js\\routes\\auth.js",
      "function": null,
      "line": 4,
      "method": null,
      "native": false
    },
    {
      "column": 14,
      "file": "node:internal/modules/cjs/loader",
      "function": "Module._compile",
      "line": 1730,
      "method": "_compile",
      "native": false
    }
  ]
}
2025-08-05 22:37:17 [[31merror[39m]: uncaughtException: Cannot find module 'uuid'
Require stack:
- C:\Users\Ivan Xavier\CascadeProjects\roulette_go\backend_js\routes\auth.js
- C:\Users\Ivan Xavier\CascadeProjects\roulette_go\backend_js\server.js
Error: Cannot find module 'uuid'
Require stack:
- C:\Users\Ivan Xavier\CascadeProjects\roulette_go\backend_js\routes\auth.js
- C:\Users\Ivan Xavier\CascadeProjects\roulette_go\backend_js\server.js
    at Function._resolveFilename (node:internal/modules/cjs/loader:1401:15)
    at defaultResolveImpl (node:internal/modules/cjs/loader:1057:19)
    at resolveForCJSWithHooks (node:internal/modules/cjs/loader:1062:22)
    at Function._load (node:internal/modules/cjs/loader:1211:37)
    at TracingChannel.traceSync (node:diagnostics_channel:322:14)
    at wrapModuleLoad (node:internal/modules/cjs/loader:235:24)
    at Module.require (node:internal/modules/cjs/loader:1487:12)
    at require (node:internal/modules/helpers:135:16)
    at Object.<anonymous> (C:\Users\Ivan Xavier\CascadeProjects\roulette_go\backend_js\routes\auth.js:4:24)
    at Module._compile (node:internal/modules/cjs/loader:1730:14)
{
  "error": {
    "code": "MODULE_NOT_FOUND",
    "requireStack": [
      "C:\\Users\\Ivan Xavier\\CascadeProjects\\roulette_go\\backend_js\\routes\\auth.js",
      "C:\\Users\\Ivan Xavier\\CascadeProjects\\roulette_go\\backend_js\\server.js"
    ]
  },
  "stack": "Error: Cannot find module 'uuid'\nRequire stack:\n- C:\\Users\\Ivan Xavier\\CascadeProjects\\roulette_go\\backend_js\\routes\\auth.js\n- C:\\Users\\Ivan Xavier\\CascadeProjects\\roulette_go\\backend_js\\server.js\n    at Function._resolveFilename (node:internal/modules/cjs/loader:1401:15)\n    at defaultResolveImpl (node:internal/modules/cjs/loader:1057:19)\n    at resolveForCJSWithHooks (node:internal/modules/cjs/loader:1062:22)\n    at Function._load (node:internal/modules/cjs/loader:1211:37)\n    at TracingChannel.traceSync (node:diagnostics_channel:322:14)\n    at wrapModuleLoad (node:internal/modules/cjs/loader:235:24)\n    at Module.require (node:internal/modules/cjs/loader:1487:12)\n    at require (node:internal/modules/helpers:135:16)\n    at Object.<anonymous> (C:\\Users\\Ivan Xavier\\CascadeProjects\\roulette_go\\backend_js\\routes\\auth.js:4:24)\n    at Module._compile (node:internal/modules/cjs/loader:1730:14)",
  "exception": true,
  "date": "Tue Aug 05 2025 22:37:17 GMT-0300 (Horário Padrão de Brasília)",
  "process": {
    "pid": 20004,
    "uid": null,
    "gid": null,
    "cwd": "C:\\Users\\Ivan Xavier\\CascadeProjects\\roulette_go\\backend_js",
    "execPath": "C:\\Program Files\\nodejs\\node.exe",
    "version": "v22.16.0",
    "argv": [
      "C:\\Program Files\\nodejs\\node.exe",
      "C:\\Users\\Ivan Xavier\\CascadeProjects\\roulette_go\\backend_js\\server.js"
    ],
    "memoryUsage": {
      "rss": 52928512,
      "heapTotal": 18673664,
      "heapUsed": 11155384,
      "external": 2297392,
      "arrayBuffers": 18852
    }
  },
  "os": {
    "loadavg": [
      0,
      0,
      0
    ],
    "uptime": 105770.015
  },
  "trace": [
    {
      "column": 15,
      "file": "node:internal/modules/cjs/loader",
      "function": "Function._resolveFilename",
      "line": 1401,
      "method": "_resolveFilename",
      "native": false
    },
    {
      "column": 19,
      "file": "node:internal/modules/cjs/loader",
      "function": "defaultResolveImpl",
      "line": 1057,
      "method": null,
      "native": false
    },
    {
      "column": 22,
      "file": "node:internal/modules/cjs/loader",
      "function": "resolveForCJSWithHooks",
      "line": 1062,
      "method": null,
      "native": false
    },
    {
      "column": 37,
      "file": "node:internal/modules/cjs/loader",
      "function": "Function._load",
      "line": 1211,
      "method": "_load",
      "native": false
    },
    {
      "column": 14,
      "file": "node:diagnostics_channel",
      "function": "TracingChannel.traceSync",
      "line": 322,
      "method": "traceSync",
      "native": false
    },
    {
      "column": 24,
      "file": "node:internal/modules/cjs/loader",
      "function": "wrapModuleLoad",
      "line": 235,
      "method": null,
      "native": false
    },
    {
      "column": 12,
      "file": "node:internal/modules/cjs/loader",
      "function": "Module.require",
      "line": 1487,
      "method": "require",
      "native": false
    },
    {
      "column": 16,
      "file": "node:internal/modules/helpers",
      "function": "require",
      "line": 135,
      "method": null,
      "native": false
    },
    {
      "column": 24,
      "file": "C:\\Users\\Ivan Xavier\\CascadeProjects\\roulette_go\\backend_js\\routes\\auth.js",
      "function": null,
      "line": 4,
      "method": null,
      "native": false
    },
    {
      "column": 14,
      "file": "node:internal/modules/cjs/loader",
      "function": "Module._compile",
      "line": 1730,
      "method": "_compile",
      "native": false
    }
  ]
}
2025-08-05 22:38:06 [[31merror[39m]: uncaughtException: Cannot find module '../websocket'
Require stack:
- C:\Users\Ivan Xavier\CascadeProjects\roulette_go\backend_js\routes\bets.js
- C:\Users\Ivan Xavier\CascadeProjects\roulette_go\backend_js\server.js
Error: Cannot find module '../websocket'
Require stack:
- C:\Users\Ivan Xavier\CascadeProjects\roulette_go\backend_js\routes\bets.js
- C:\Users\Ivan Xavier\CascadeProjects\roulette_go\backend_js\server.js
    at Function._resolveFilename (node:internal/modules/cjs/loader:1401:15)
    at defaultResolveImpl (node:internal/modules/cjs/loader:1057:19)
    at resolveForCJSWithHooks (node:internal/modules/cjs/loader:1062:22)
    at Function._load (node:internal/modules/cjs/loader:1211:37)
    at TracingChannel.traceSync (node:diagnostics_channel:322:14)
    at wrapModuleLoad (node:internal/modules/cjs/loader:235:24)
    at Module.require (node:internal/modules/cjs/loader:1487:12)
    at require (node:internal/modules/helpers:135:16)
    at Object.<anonymous> (C:\Users\Ivan Xavier\CascadeProjects\roulette_go\backend_js\routes\bets.js:6:29)
    at Module._compile (node:internal/modules/cjs/loader:1730:14)
{
  "error": {
    "code": "MODULE_NOT_FOUND",
    "requireStack": [
      "C:\\Users\\Ivan Xavier\\CascadeProjects\\roulette_go\\backend_js\\routes\\bets.js",
      "C:\\Users\\Ivan Xavier\\CascadeProjects\\roulette_go\\backend_js\\server.js"
    ]
  },
  "stack": "Error: Cannot find module '../websocket'\nRequire stack:\n- C:\\Users\\Ivan Xavier\\CascadeProjects\\roulette_go\\backend_js\\routes\\bets.js\n- C:\\Users\\Ivan Xavier\\CascadeProjects\\roulette_go\\backend_js\\server.js\n    at Function._resolveFilename (node:internal/modules/cjs/loader:1401:15)\n    at defaultResolveImpl (node:internal/modules/cjs/loader:1057:19)\n    at resolveForCJSWithHooks (node:internal/modules/cjs/loader:1062:22)\n    at Function._load (node:internal/modules/cjs/loader:1211:37)\n    at TracingChannel.traceSync (node:diagnostics_channel:322:14)\n    at wrapModuleLoad (node:internal/modules/cjs/loader:235:24)\n    at Module.require (node:internal/modules/cjs/loader:1487:12)\n    at require (node:internal/modules/helpers:135:16)\n    at Object.<anonymous> (C:\\Users\\Ivan Xavier\\CascadeProjects\\roulette_go\\backend_js\\routes\\bets.js:6:29)\n    at Module._compile (node:internal/modules/cjs/loader:1730:14)",
  "exception": true,
  "date": "Tue Aug 05 2025 22:38:06 GMT-0300 (Horário Padrão de Brasília)",
  "process": {
    "pid": 23812,
    "uid": null,
    "gid": null,
    "cwd": "C:\\Users\\Ivan Xavier\\CascadeProjects\\roulette_go\\backend_js",
    "execPath": "C:\\Program Files\\nodejs\\node.exe",
    "version": "v22.16.0",
    "argv": [
      "C:\\Program Files\\nodejs\\node.exe",
      "C:\\Users\\Ivan Xavier\\CascadeProjects\\roulette_go\\backend_js\\server.js"
    ],
    "memoryUsage": {
      "rss": 59932672,
      "heapTotal": 20246528,
      "heapUsed": 12093576,
      "external": 2297648,
      "arrayBuffers": 19107
    }
  },
  "os": {
    "loadavg": [
      0,
      0,
      0
    ],
    "uptime": 105819.796
  },
  "trace": [
    {
      "column": 15,
      "file": "node:internal/modules/cjs/loader",
      "function": "Function._resolveFilename",
      "line": 1401,
      "method": "_resolveFilename",
      "native": false
    },
    {
      "column": 19,
      "file": "node:internal/modules/cjs/loader",
      "function": "defaultResolveImpl",
      "line": 1057,
      "method": null,
      "native": false
    },
    {
      "column": 22,
      "file": "node:internal/modules/cjs/loader",
      "function": "resolveForCJSWithHooks",
      "line": 1062,
      "method": null,
      "native": false
    },
    {
      "column": 37,
      "file": "node:internal/modules/cjs/loader",
      "function": "Function._load",
      "line": 1211,
      "method": "_load",
      "native": false
    },
    {
      "column": 14,
      "file": "node:diagnostics_channel",
      "function": "TracingChannel.traceSync",
      "line": 322,
      "method": "traceSync",
      "native": false
    },
    {
      "column": 24,
      "file": "node:internal/modules/cjs/loader",
      "function": "wrapModuleLoad",
      "line": 235,
      "method": null,
      "native": false
    },
    {
      "column": 12,
      "file": "node:internal/modules/cjs/loader",
      "function": "Module.require",
      "line": 1487,
      "method": "require",
      "native": false
    },
    {
      "column": 16,
      "file": "node:internal/modules/helpers",
      "function": "require",
      "line": 135,
      "method": null,
      "native": false
    },
    {
      "column": 29,
      "file": "C:\\Users\\Ivan Xavier\\CascadeProjects\\roulette_go\\backend_js\\routes\\bets.js",
      "function": null,
      "line": 6,
      "method": null,
      "native": false
    },
    {
      "column": 14,
      "file": "node:internal/modules/cjs/loader",
      "function": "Module._compile",
      "line": 1730,
      "method": "_compile",
      "native": false
    }
  ]
}
2025-08-05 22:38:07 [[31merror[39m]: uncaughtException: Cannot find module '../websocket'
Require stack:
- C:\Users\Ivan Xavier\CascadeProjects\roulette_go\backend_js\routes\bets.js
- C:\Users\Ivan Xavier\CascadeProjects\roulette_go\backend_js\server.js
Error: Cannot find module '../websocket'
Require stack:
- C:\Users\Ivan Xavier\CascadeProjects\roulette_go\backend_js\routes\bets.js
- C:\Users\Ivan Xavier\CascadeProjects\roulette_go\backend_js\server.js
    at Function._resolveFilename (node:internal/modules/cjs/loader:1401:15)
    at defaultResolveImpl (node:internal/modules/cjs/loader:1057:19)
    at resolveForCJSWithHooks (node:internal/modules/cjs/loader:1062:22)
    at Function._load (node:internal/modules/cjs/loader:1211:37)
    at TracingChannel.traceSync (node:diagnostics_channel:322:14)
    at wrapModuleLoad (node:internal/modules/cjs/loader:235:24)
    at Module.require (node:internal/modules/cjs/loader:1487:12)
    at require (node:internal/modules/helpers:135:16)
    at Object.<anonymous> (C:\Users\Ivan Xavier\CascadeProjects\roulette_go\backend_js\routes\bets.js:6:29)
    at Module._compile (node:internal/modules/cjs/loader:1730:14)
{
  "error": {
    "code": "MODULE_NOT_FOUND",
    "requireStack": [
      "C:\\Users\\Ivan Xavier\\CascadeProjects\\roulette_go\\backend_js\\routes\\bets.js",
      "C:\\Users\\Ivan Xavier\\CascadeProjects\\roulette_go\\backend_js\\server.js"
    ]
  },
  "stack": "Error: Cannot find module '../websocket'\nRequire stack:\n- C:\\Users\\Ivan Xavier\\CascadeProjects\\roulette_go\\backend_js\\routes\\bets.js\n- C:\\Users\\Ivan Xavier\\CascadeProjects\\roulette_go\\backend_js\\server.js\n    at Function._resolveFilename (node:internal/modules/cjs/loader:1401:15)\n    at defaultResolveImpl (node:internal/modules/cjs/loader:1057:19)\n    at resolveForCJSWithHooks (node:internal/modules/cjs/loader:1062:22)\n    at Function._load (node:internal/modules/cjs/loader:1211:37)\n    at TracingChannel.traceSync (node:diagnostics_channel:322:14)\n    at wrapModuleLoad (node:internal/modules/cjs/loader:235:24)\n    at Module.require (node:internal/modules/cjs/loader:1487:12)\n    at require (node:internal/modules/helpers:135:16)\n    at Object.<anonymous> (C:\\Users\\Ivan Xavier\\CascadeProjects\\roulette_go\\backend_js\\routes\\bets.js:6:29)\n    at Module._compile (node:internal/modules/cjs/loader:1730:14)",
  "exception": true,
  "date": "Tue Aug 05 2025 22:38:07 GMT-0300 (Horário Padrão de Brasília)",
  "process": {
    "pid": 6180,
    "uid": null,
    "gid": null,
    "cwd": "C:\\Users\\Ivan Xavier\\CascadeProjects\\roulette_go\\backend_js",
    "execPath": "C:\\Program Files\\nodejs\\node.exe",
    "version": "v22.16.0",
    "argv": [
      "C:\\Program Files\\nodejs\\node.exe",
      "C:\\Users\\Ivan Xavier\\CascadeProjects\\roulette_go\\backend_js\\server.js"
    ],
    "memoryUsage": {
      "rss": 57028608,
      "heapTotal": 19722240,
      "heapUsed": 12090376,
      "external": 2297648,
      "arrayBuffers": 19107
    }
  },
  "os": {
    "loadavg": [
      0,
      0,
      0
    ],
    "uptime": 105820.031
  },
  "trace": [
    {
      "column": 15,
      "file": "node:internal/modules/cjs/loader",
      "function": "Function._resolveFilename",
      "line": 1401,
      "method": "_resolveFilename",
      "native": false
    },
    {
      "column": 19,
      "file": "node:internal/modules/cjs/loader",
      "function": "defaultResolveImpl",
      "line": 1057,
      "method": null,
      "native": false
    },
    {
      "column": 22,
      "file": "node:internal/modules/cjs/loader",
      "function": "resolveForCJSWithHooks",
      "line": 1062,
      "method": null,
      "native": false
    },
    {
      "column": 37,
      "file": "node:internal/modules/cjs/loader",
      "function": "Function._load",
      "line": 1211,
      "method": "_load",
      "native": false
    },
    {
      "column": 14,
      "file": "node:diagnostics_channel",
      "function": "TracingChannel.traceSync",
      "line": 322,
      "method": "traceSync",
      "native": false
    },
    {
      "column": 24,
      "file": "node:internal/modules/cjs/loader",
      "function": "wrapModuleLoad",
      "line": 235,
      "method": null,
      "native": false
    },
    {
      "column": 12,
      "file": "node:internal/modules/cjs/loader",
      "function": "Module.require",
      "line": 1487,
      "method": "require",
      "native": false
    },
    {
      "column": 16,
      "file": "node:internal/modules/helpers",
      "function": "require",
      "line": 135,
      "method": null,
      "native": false
    },
    {
      "column": 29,
      "file": "C:\\Users\\Ivan Xavier\\CascadeProjects\\roulette_go\\backend_js\\routes\\bets.js",
      "function": null,
      "line": 6,
      "method": null,
      "native": false
    },
    {
      "column": 14,
      "file": "node:internal/modules/cjs/loader",
      "function": "Module._compile",
      "line": 1730,
      "method": "_compile",
      "native": false
    }
  ]
}
2025-08-05 22:40:07 [[31merror[39m]: uncaughtException: Cannot find module '../websocket'
Require stack:
- C:\Users\Ivan Xavier\CascadeProjects\roulette_go\backend_js\routes\bets.js
- C:\Users\Ivan Xavier\CascadeProjects\roulette_go\backend_js\server.js
Error: Cannot find module '../websocket'
Require stack:
- C:\Users\Ivan Xavier\CascadeProjects\roulette_go\backend_js\routes\bets.js
- C:\Users\Ivan Xavier\CascadeProjects\roulette_go\backend_js\server.js
    at Function._resolveFilename (node:internal/modules/cjs/loader:1401:15)
    at defaultResolveImpl (node:internal/modules/cjs/loader:1057:19)
    at resolveForCJSWithHooks (node:internal/modules/cjs/loader:1062:22)
    at Function._load (node:internal/modules/cjs/loader:1211:37)
    at TracingChannel.traceSync (node:diagnostics_channel:322:14)
    at wrapModuleLoad (node:internal/modules/cjs/loader:235:24)
    at Module.require (node:internal/modules/cjs/loader:1487:12)
    at require (node:internal/modules/helpers:135:16)
    at Object.<anonymous> (C:\Users\Ivan Xavier\CascadeProjects\roulette_go\backend_js\routes\bets.js:6:29)
    at Module._compile (node:internal/modules/cjs/loader:1730:14)
{
  "error": {
    "code": "MODULE_NOT_FOUND",
    "requireStack": [
      "C:\\Users\\Ivan Xavier\\CascadeProjects\\roulette_go\\backend_js\\routes\\bets.js",
      "C:\\Users\\Ivan Xavier\\CascadeProjects\\roulette_go\\backend_js\\server.js"
    ]
  },
  "stack": "Error: Cannot find module '../websocket'\nRequire stack:\n- C:\\Users\\Ivan Xavier\\CascadeProjects\\roulette_go\\backend_js\\routes\\bets.js\n- C:\\Users\\Ivan Xavier\\CascadeProjects\\roulette_go\\backend_js\\server.js\n    at Function._resolveFilename (node:internal/modules/cjs/loader:1401:15)\n    at defaultResolveImpl (node:internal/modules/cjs/loader:1057:19)\n    at resolveForCJSWithHooks (node:internal/modules/cjs/loader:1062:22)\n    at Function._load (node:internal/modules/cjs/loader:1211:37)\n    at TracingChannel.traceSync (node:diagnostics_channel:322:14)\n    at wrapModuleLoad (node:internal/modules/cjs/loader:235:24)\n    at Module.require (node:internal/modules/cjs/loader:1487:12)\n    at require (node:internal/modules/helpers:135:16)\n    at Object.<anonymous> (C:\\Users\\Ivan Xavier\\CascadeProjects\\roulette_go\\backend_js\\routes\\bets.js:6:29)\n    at Module._compile (node:internal/modules/cjs/loader:1730:14)",
  "exception": true,
  "date": "Tue Aug 05 2025 22:40:07 GMT-0300 (Horário Padrão de Brasília)",
  "process": {
    "pid": 23508,
    "uid": null,
    "gid": null,
    "cwd": "C:\\Users\\Ivan Xavier\\CascadeProjects\\roulette_go\\backend_js",
    "execPath": "C:\\Program Files\\nodejs\\node.exe",
    "version": "v22.16.0",
    "argv": [
      "C:\\Program Files\\nodejs\\node.exe",
      "C:\\Users\\Ivan Xavier\\CascadeProjects\\roulette_go\\backend_js\\server.js"
    ],
    "memoryUsage": {
      "rss": 59179008,
      "heapTotal": 19984384,
      "heapUsed": 11996992,
      "external": 2297648,
      "arrayBuffers": 19107
    }
  },
  "os": {
    "loadavg": [
      0,
      0,
      0
    ],
    "uptime": 105940.718
  },
  "trace": [
    {
      "column": 15,
      "file": "node:internal/modules/cjs/loader",
      "function": "Function._resolveFilename",
      "line": 1401,
      "method": "_resolveFilename",
      "native": false
    },
    {
      "column": 19,
      "file": "node:internal/modules/cjs/loader",
      "function": "defaultResolveImpl",
      "line": 1057,
      "method": null,
      "native": false
    },
    {
      "column": 22,
      "file": "node:internal/modules/cjs/loader",
      "function": "resolveForCJSWithHooks",
      "line": 1062,
      "method": null,
      "native": false
    },
    {
      "column": 37,
      "file": "node:internal/modules/cjs/loader",
      "function": "Function._load",
      "line": 1211,
      "method": "_load",
      "native": false
    },
    {
      "column": 14,
      "file": "node:diagnostics_channel",
      "function": "TracingChannel.traceSync",
      "line": 322,
      "method": "traceSync",
      "native": false
    },
    {
      "column": 24,
      "file": "node:internal/modules/cjs/loader",
      "function": "wrapModuleLoad",
      "line": 235,
      "method": null,
      "native": false
    },
    {
      "column": 12,
      "file": "node:internal/modules/cjs/loader",
      "function": "Module.require",
      "line": 1487,
      "method": "require",
      "native": false
    },
    {
      "column": 16,
      "file": "node:internal/modules/helpers",
      "function": "require",
      "line": 135,
      "method": null,
      "native": false
    },
    {
      "column": 29,
      "file": "C:\\Users\\Ivan Xavier\\CascadeProjects\\roulette_go\\backend_js\\routes\\bets.js",
      "function": null,
      "line": 6,
      "method": null,
      "native": false
    },
    {
      "column": 14,
      "file": "node:internal/modules/cjs/loader",
      "function": "Module._compile",
      "line": 1730,
      "method": "_compile",
      "native": false
    }
  ]
}
2025-08-05 22:40:20 [[31merror[39m]: uncaughtException: Cannot find module '../websocket'
Require stack:
- C:\Users\Ivan Xavier\CascadeProjects\roulette_go\backend_js\routes\bets.js
- C:\Users\Ivan Xavier\CascadeProjects\roulette_go\backend_js\server.js
Error: Cannot find module '../websocket'
Require stack:
- C:\Users\Ivan Xavier\CascadeProjects\roulette_go\backend_js\routes\bets.js
- C:\Users\Ivan Xavier\CascadeProjects\roulette_go\backend_js\server.js
    at Function._resolveFilename (node:internal/modules/cjs/loader:1401:15)
    at defaultResolveImpl (node:internal/modules/cjs/loader:1057:19)
    at resolveForCJSWithHooks (node:internal/modules/cjs/loader:1062:22)
    at Function._load (node:internal/modules/cjs/loader:1211:37)
    at TracingChannel.traceSync (node:diagnostics_channel:322:14)
    at wrapModuleLoad (node:internal/modules/cjs/loader:235:24)
    at Module.require (node:internal/modules/cjs/loader:1487:12)
    at require (node:internal/modules/helpers:135:16)
    at Object.<anonymous> (C:\Users\Ivan Xavier\CascadeProjects\roulette_go\backend_js\routes\bets.js:6:29)
    at Module._compile (node:internal/modules/cjs/loader:1730:14)
{
  "error": {
    "code": "MODULE_NOT_FOUND",
    "requireStack": [
      "C:\\Users\\Ivan Xavier\\CascadeProjects\\roulette_go\\backend_js\\routes\\bets.js",
      "C:\\Users\\Ivan Xavier\\CascadeProjects\\roulette_go\\backend_js\\server.js"
    ]
  },
  "stack": "Error: Cannot find module '../websocket'\nRequire stack:\n- C:\\Users\\Ivan Xavier\\CascadeProjects\\roulette_go\\backend_js\\routes\\bets.js\n- C:\\Users\\Ivan Xavier\\CascadeProjects\\roulette_go\\backend_js\\server.js\n    at Function._resolveFilename (node:internal/modules/cjs/loader:1401:15)\n    at defaultResolveImpl (node:internal/modules/cjs/loader:1057:19)\n    at resolveForCJSWithHooks (node:internal/modules/cjs/loader:1062:22)\n    at Function._load (node:internal/modules/cjs/loader:1211:37)\n    at TracingChannel.traceSync (node:diagnostics_channel:322:14)\n    at wrapModuleLoad (node:internal/modules/cjs/loader:235:24)\n    at Module.require (node:internal/modules/cjs/loader:1487:12)\n    at require (node:internal/modules/helpers:135:16)\n    at Object.<anonymous> (C:\\Users\\Ivan Xavier\\CascadeProjects\\roulette_go\\backend_js\\routes\\bets.js:6:29)\n    at Module._compile (node:internal/modules/cjs/loader:1730:14)",
  "exception": true,
  "date": "Tue Aug 05 2025 22:40:20 GMT-0300 (Horário Padrão de Brasília)",
  "process": {
    "pid": 26104,
    "uid": null,
    "gid": null,
    "cwd": "C:\\Users\\Ivan Xavier\\CascadeProjects\\roulette_go\\backend_js",
    "execPath": "C:\\Program Files\\nodejs\\node.exe",
    "version": "v22.16.0",
    "argv": [
      "C:\\Program Files\\nodejs\\node.exe",
      "C:\\Users\\Ivan Xavier\\CascadeProjects\\roulette_go\\backend_js\\server.js"
    ],
    "memoryUsage": {
      "rss": 56926208,
      "heapTotal": 19984384,
      "heapUsed": 11989848,
      "external": 2297648,
      "arrayBuffers": 19107
    }
  },
  "os": {
    "loadavg": [
      0,
      0,
      0
    ],
    "uptime": 105953.875
  },
  "trace": [
    {
      "column": 15,
      "file": "node:internal/modules/cjs/loader",
      "function": "Function._resolveFilename",
      "line": 1401,
      "method": "_resolveFilename",
      "native": false
    },
    {
      "column": 19,
      "file": "node:internal/modules/cjs/loader",
      "function": "defaultResolveImpl",
      "line": 1057,
      "method": null,
      "native": false
    },
    {
      "column": 22,
      "file": "node:internal/modules/cjs/loader",
      "function": "resolveForCJSWithHooks",
      "line": 1062,
      "method": null,
      "native": false
    },
    {
      "column": 37,
      "file": "node:internal/modules/cjs/loader",
      "function": "Function._load",
      "line": 1211,
      "method": "_load",
      "native": false
    },
    {
      "column": 14,
      "file": "node:diagnostics_channel",
      "function": "TracingChannel.traceSync",
      "line": 322,
      "method": "traceSync",
      "native": false
    },
    {
      "column": 24,
      "file": "node:internal/modules/cjs/loader",
      "function": "wrapModuleLoad",
      "line": 235,
      "method": null,
      "native": false
    },
    {
      "column": 12,
      "file": "node:internal/modules/cjs/loader",
      "function": "Module.require",
      "line": 1487,
      "method": "require",
      "native": false
    },
    {
      "column": 16,
      "file": "node:internal/modules/helpers",
      "function": "require",
      "line": 135,
      "method": null,
      "native": false
    },
    {
      "column": 29,
      "file": "C:\\Users\\Ivan Xavier\\CascadeProjects\\roulette_go\\backend_js\\routes\\bets.js",
      "function": null,
      "line": 6,
      "method": null,
      "native": false
    },
    {
      "column": 14,
      "file": "node:internal/modules/cjs/loader",
      "function": "Module._compile",
      "line": 1730,
      "method": "_compile",
      "native": false
    }
  ]
}
2025-08-05 22:40:40 [[31merror[39m]: uncaughtException: Cannot find module '../websocket'
Require stack:
- C:\Users\Ivan Xavier\CascadeProjects\roulette_go\backend_js\routes\admin.js
- C:\Users\Ivan Xavier\CascadeProjects\roulette_go\backend_js\server.js
Error: Cannot find module '../websocket'
Require stack:
- C:\Users\Ivan Xavier\CascadeProjects\roulette_go\backend_js\routes\admin.js
- C:\Users\Ivan Xavier\CascadeProjects\roulette_go\backend_js\server.js
    at Function._resolveFilename (node:internal/modules/cjs/loader:1401:15)
    at defaultResolveImpl (node:internal/modules/cjs/loader:1057:19)
    at resolveForCJSWithHooks (node:internal/modules/cjs/loader:1062:22)
    at Function._load (node:internal/modules/cjs/loader:1211:37)
    at TracingChannel.traceSync (node:diagnostics_channel:322:14)
    at wrapModuleLoad (node:internal/modules/cjs/loader:235:24)
    at Module.require (node:internal/modules/cjs/loader:1487:12)
    at require (node:internal/modules/helpers:135:16)
    at Object.<anonymous> (C:\Users\Ivan Xavier\CascadeProjects\roulette_go\backend_js\routes\admin.js:6:29)
    at Module._compile (node:internal/modules/cjs/loader:1730:14)
{
  "error": {
    "code": "MODULE_NOT_FOUND",
    "requireStack": [
      "C:\\Users\\Ivan Xavier\\CascadeProjects\\roulette_go\\backend_js\\routes\\admin.js",
      "C:\\Users\\Ivan Xavier\\CascadeProjects\\roulette_go\\backend_js\\server.js"
    ]
  },
  "stack": "Error: Cannot find module '../websocket'\nRequire stack:\n- C:\\Users\\Ivan Xavier\\CascadeProjects\\roulette_go\\backend_js\\routes\\admin.js\n- C:\\Users\\Ivan Xavier\\CascadeProjects\\roulette_go\\backend_js\\server.js\n    at Function._resolveFilename (node:internal/modules/cjs/loader:1401:15)\n    at defaultResolveImpl (node:internal/modules/cjs/loader:1057:19)\n    at resolveForCJSWithHooks (node:internal/modules/cjs/loader:1062:22)\n    at Function._load (node:internal/modules/cjs/loader:1211:37)\n    at TracingChannel.traceSync (node:diagnostics_channel:322:14)\n    at wrapModuleLoad (node:internal/modules/cjs/loader:235:24)\n    at Module.require (node:internal/modules/cjs/loader:1487:12)\n    at require (node:internal/modules/helpers:135:16)\n    at Object.<anonymous> (C:\\Users\\Ivan Xavier\\CascadeProjects\\roulette_go\\backend_js\\routes\\admin.js:6:29)\n    at Module._compile (node:internal/modules/cjs/loader:1730:14)",
  "exception": true,
  "date": "Tue Aug 05 2025 22:40:40 GMT-0300 (Horário Padrão de Brasília)",
  "process": {
    "pid": 25312,
    "uid": null,
    "gid": null,
    "cwd": "C:\\Users\\Ivan Xavier\\CascadeProjects\\roulette_go\\backend_js",
    "execPath": "C:\\Program Files\\nodejs\\node.exe",
    "version": "v22.16.0",
    "argv": [
      "C:\\Program Files\\nodejs\\node.exe",
      "C:\\Users\\Ivan Xavier\\CascadeProjects\\roulette_go\\backend_js\\server.js"
    ],
    "memoryUsage": {
      "rss": 57061376,
      "heapTotal": 20246528,
      "heapUsed": 12226760,
      "external": 2297648,
      "arrayBuffers": 19107
    }
  },
  "os": {
    "loadavg": [
      0,
      0,
      0
    ],
    "uptime": 105973.125
  },
  "trace": [
    {
      "column": 15,
      "file": "node:internal/modules/cjs/loader",
      "function": "Function._resolveFilename",
      "line": 1401,
      "method": "_resolveFilename",
      "native": false
    },
    {
      "column": 19,
      "file": "node:internal/modules/cjs/loader",
      "function": "defaultResolveImpl",
      "line": 1057,
      "method": null,
      "native": false
    },
    {
      "column": 22,
      "file": "node:internal/modules/cjs/loader",
      "function": "resolveForCJSWithHooks",
      "line": 1062,
      "method": null,
      "native": false
    },
    {
      "column": 37,
      "file": "node:internal/modules/cjs/loader",
      "function": "Function._load",
      "line": 1211,
      "method": "_load",
      "native": false
    },
    {
      "column": 14,
      "file": "node:diagnostics_channel",
      "function": "TracingChannel.traceSync",
      "line": 322,
      "method": "traceSync",
      "native": false
    },
    {
      "column": 24,
      "file": "node:internal/modules/cjs/loader",
      "function": "wrapModuleLoad",
      "line": 235,
      "method": null,
      "native": false
    },
    {
      "column": 12,
      "file": "node:internal/modules/cjs/loader",
      "function": "Module.require",
      "line": 1487,
      "method": "require",
      "native": false
    },
    {
      "column": 16,
      "file": "node:internal/modules/helpers",
      "function": "require",
      "line": 135,
      "method": null,
      "native": false
    },
    {
      "column": 29,
      "file": "C:\\Users\\Ivan Xavier\\CascadeProjects\\roulette_go\\backend_js\\routes\\admin.js",
      "function": null,
      "line": 6,
      "method": null,
      "native": false
    },
    {
      "column": 14,
      "file": "node:internal/modules/cjs/loader",
      "function": "Module._compile",
      "line": 1730,
      "method": "_compile",
      "native": false
    }
  ]
}
2025-08-05 22:40:40 [[31merror[39m]: uncaughtException: Cannot find module '../websocket'
Require stack:
- C:\Users\Ivan Xavier\CascadeProjects\roulette_go\backend_js\routes\admin.js
- C:\Users\Ivan Xavier\CascadeProjects\roulette_go\backend_js\server.js
Error: Cannot find module '../websocket'
Require stack:
- C:\Users\Ivan Xavier\CascadeProjects\roulette_go\backend_js\routes\admin.js
- C:\Users\Ivan Xavier\CascadeProjects\roulette_go\backend_js\server.js
    at Function._resolveFilename (node:internal/modules/cjs/loader:1401:15)
    at defaultResolveImpl (node:internal/modules/cjs/loader:1057:19)
    at resolveForCJSWithHooks (node:internal/modules/cjs/loader:1062:22)
    at Function._load (node:internal/modules/cjs/loader:1211:37)
    at TracingChannel.traceSync (node:diagnostics_channel:322:14)
    at wrapModuleLoad (node:internal/modules/cjs/loader:235:24)
    at Module.require (node:internal/modules/cjs/loader:1487:12)
    at require (node:internal/modules/helpers:135:16)
    at Object.<anonymous> (C:\Users\Ivan Xavier\CascadeProjects\roulette_go\backend_js\routes\admin.js:6:29)
    at Module._compile (node:internal/modules/cjs/loader:1730:14)
{
  "error": {
    "code": "MODULE_NOT_FOUND",
    "requireStack": [
      "C:\\Users\\Ivan Xavier\\CascadeProjects\\roulette_go\\backend_js\\routes\\admin.js",
      "C:\\Users\\Ivan Xavier\\CascadeProjects\\roulette_go\\backend_js\\server.js"
    ]
  },
  "stack": "Error: Cannot find module '../websocket'\nRequire stack:\n- C:\\Users\\Ivan Xavier\\CascadeProjects\\roulette_go\\backend_js\\routes\\admin.js\n- C:\\Users\\Ivan Xavier\\CascadeProjects\\roulette_go\\backend_js\\server.js\n    at Function._resolveFilename (node:internal/modules/cjs/loader:1401:15)\n    at defaultResolveImpl (node:internal/modules/cjs/loader:1057:19)\n    at resolveForCJSWithHooks (node:internal/modules/cjs/loader:1062:22)\n    at Function._load (node:internal/modules/cjs/loader:1211:37)\n    at TracingChannel.traceSync (node:diagnostics_channel:322:14)\n    at wrapModuleLoad (node:internal/modules/cjs/loader:235:24)\n    at Module.require (node:internal/modules/cjs/loader:1487:12)\n    at require (node:internal/modules/helpers:135:16)\n    at Object.<anonymous> (C:\\Users\\Ivan Xavier\\CascadeProjects\\roulette_go\\backend_js\\routes\\admin.js:6:29)\n    at Module._compile (node:internal/modules/cjs/loader:1730:14)",
  "exception": true,
  "date": "Tue Aug 05 2025 22:40:40 GMT-0300 (Horário Padrão de Brasília)",
  "process": {
    "pid": 30268,
    "uid": null,
    "gid": null,
    "cwd": "C:\\Users\\Ivan Xavier\\CascadeProjects\\roulette_go\\backend_js",
    "execPath": "C:\\Program Files\\nodejs\\node.exe",
    "version": "v22.16.0",
    "argv": [
      "C:\\Program Files\\nodejs\\node.exe",
      "C:\\Users\\Ivan Xavier\\CascadeProjects\\roulette_go\\backend_js\\server.js"
    ],
    "memoryUsage": {
      "rss": 57167872,
      "heapTotal": 19984384,
      "heapUsed": 12298528,
      "external": 2297648,
      "arrayBuffers": 19107
    }
  },
  "os": {
    "loadavg": [
      0,
      0,
      0
    ],
    "uptime": 105973.14
  },
  "trace": [
    {
      "column": 15,
      "file": "node:internal/modules/cjs/loader",
      "function": "Function._resolveFilename",
      "line": 1401,
      "method": "_resolveFilename",
      "native": false
    },
    {
      "column": 19,
      "file": "node:internal/modules/cjs/loader",
      "function": "defaultResolveImpl",
      "line": 1057,
      "method": null,
      "native": false
    },
    {
      "column": 22,
      "file": "node:internal/modules/cjs/loader",
      "function": "resolveForCJSWithHooks",
      "line": 1062,
      "method": null,
      "native": false
    },
    {
      "column": 37,
      "file": "node:internal/modules/cjs/loader",
      "function": "Function._load",
      "line": 1211,
      "method": "_load",
      "native": false
    },
    {
      "column": 14,
      "file": "node:diagnostics_channel",
      "function": "TracingChannel.traceSync",
      "line": 322,
      "method": "traceSync",
      "native": false
    },
    {
      "column": 24,
      "file": "node:internal/modules/cjs/loader",
      "function": "wrapModuleLoad",
      "line": 235,
      "method": null,
      "native": false
    },
    {
      "column": 12,
      "file": "node:internal/modules/cjs/loader",
      "function": "Module.require",
      "line": 1487,
      "method": "require",
      "native": false
    },
    {
      "column": 16,
      "file": "node:internal/modules/helpers",
      "function": "require",
      "line": 135,
      "method": null,
      "native": false
    },
    {
      "column": 29,
      "file": "C:\\Users\\Ivan Xavier\\CascadeProjects\\roulette_go\\backend_js\\routes\\admin.js",
      "function": null,
      "line": 6,
      "method": null,
      "native": false
    },
    {
      "column": 14,
      "file": "node:internal/modules/cjs/loader",
      "function": "Module._compile",
      "line": 1730,
      "method": "_compile",
      "native": false
    }
  ]
}
2025-08-05 22:40:59 [[31merror[39m]: uncaughtException: Cannot find module '../websocket'
Require stack:
- C:\Users\Ivan Xavier\CascadeProjects\roulette_go\backend_js\routes\admin.js
- C:\Users\Ivan Xavier\CascadeProjects\roulette_go\backend_js\server.js
Error: Cannot find module '../websocket'
Require stack:
- C:\Users\Ivan Xavier\CascadeProjects\roulette_go\backend_js\routes\admin.js
- C:\Users\Ivan Xavier\CascadeProjects\roulette_go\backend_js\server.js
    at Function._resolveFilename (node:internal/modules/cjs/loader:1401:15)
    at defaultResolveImpl (node:internal/modules/cjs/loader:1057:19)
    at resolveForCJSWithHooks (node:internal/modules/cjs/loader:1062:22)
    at Function._load (node:internal/modules/cjs/loader:1211:37)
    at TracingChannel.traceSync (node:diagnostics_channel:322:14)
    at wrapModuleLoad (node:internal/modules/cjs/loader:235:24)
    at Module.require (node:internal/modules/cjs/loader:1487:12)
    at require (node:internal/modules/helpers:135:16)
    at Object.<anonymous> (C:\Users\Ivan Xavier\CascadeProjects\roulette_go\backend_js\routes\admin.js:6:29)
    at Module._compile (node:internal/modules/cjs/loader:1730:14)
{
  "error": {
    "code": "MODULE_NOT_FOUND",
    "requireStack": [
      "C:\\Users\\Ivan Xavier\\CascadeProjects\\roulette_go\\backend_js\\routes\\admin.js",
      "C:\\Users\\Ivan Xavier\\CascadeProjects\\roulette_go\\backend_js\\server.js"
    ]
  },
  "stack": "Error: Cannot find module '../websocket'\nRequire stack:\n- C:\\Users\\Ivan Xavier\\CascadeProjects\\roulette_go\\backend_js\\routes\\admin.js\n- C:\\Users\\Ivan Xavier\\CascadeProjects\\roulette_go\\backend_js\\server.js\n    at Function._resolveFilename (node:internal/modules/cjs/loader:1401:15)\n    at defaultResolveImpl (node:internal/modules/cjs/loader:1057:19)\n    at resolveForCJSWithHooks (node:internal/modules/cjs/loader:1062:22)\n    at Function._load (node:internal/modules/cjs/loader:1211:37)\n    at TracingChannel.traceSync (node:diagnostics_channel:322:14)\n    at wrapModuleLoad (node:internal/modules/cjs/loader:235:24)\n    at Module.require (node:internal/modules/cjs/loader:1487:12)\n    at require (node:internal/modules/helpers:135:16)\n    at Object.<anonymous> (C:\\Users\\Ivan Xavier\\CascadeProjects\\roulette_go\\backend_js\\routes\\admin.js:6:29)\n    at Module._compile (node:internal/modules/cjs/loader:1730:14)",
  "exception": true,
  "date": "Tue Aug 05 2025 22:40:59 GMT-0300 (Horário Padrão de Brasília)",
  "process": {
    "pid": 27460,
    "uid": null,
    "gid": null,
    "cwd": "C:\\Users\\Ivan Xavier\\CascadeProjects\\roulette_go\\backend_js",
    "execPath": "C:\\Program Files\\nodejs\\node.exe",
    "version": "v22.16.0",
    "argv": [
      "C:\\Program Files\\nodejs\\node.exe",
      "C:\\Users\\Ivan Xavier\\CascadeProjects\\roulette_go\\backend_js\\server.js"
    ],
    "memoryUsage": {
      "rss": 56971264,
      "heapTotal": 20246528,
      "heapUsed": 12074216,
      "external": 2297648,
      "arrayBuffers": 19107
    }
  },
  "os": {
    "loadavg": [
      0,
      0,
      0
    ],
    "uptime": 105992.968
  },
  "trace": [
    {
      "column": 15,
      "file": "node:internal/modules/cjs/loader",
      "function": "Function._resolveFilename",
      "line": 1401,
      "method": "_resolveFilename",
      "native": false
    },
    {
      "column": 19,
      "file": "node:internal/modules/cjs/loader",
      "function": "defaultResolveImpl",
      "line": 1057,
      "method": null,
      "native": false
    },
    {
      "column": 22,
      "file": "node:internal/modules/cjs/loader",
      "function": "resolveForCJSWithHooks",
      "line": 1062,
      "method": null,
      "native": false
    },
    {
      "column": 37,
      "file": "node:internal/modules/cjs/loader",
      "function": "Function._load",
      "line": 1211,
      "method": "_load",
      "native": false
    },
    {
      "column": 14,
      "file": "node:diagnostics_channel",
      "function": "TracingChannel.traceSync",
      "line": 322,
      "method": "traceSync",
      "native": false
    },
    {
      "column": 24,
      "file": "node:internal/modules/cjs/loader",
      "function": "wrapModuleLoad",
      "line": 235,
      "method": null,
      "native": false
    },
    {
      "column": 12,
      "file": "node:internal/modules/cjs/loader",
      "function": "Module.require",
      "line": 1487,
      "method": "require",
      "native": false
    },
    {
      "column": 16,
      "file": "node:internal/modules/helpers",
      "function": "require",
      "line": 135,
      "method": null,
      "native": false
    },
    {
      "column": 29,
      "file": "C:\\Users\\Ivan Xavier\\CascadeProjects\\roulette_go\\backend_js\\routes\\admin.js",
      "function": null,
      "line": 6,
      "method": null,
      "native": false
    },
    {
      "column": 14,
      "file": "node:internal/modules/cjs/loader",
      "function": "Module._compile",
      "line": 1730,
      "method": "_compile",
      "native": false
    }
  ]
}
2025-08-05 22:41:25 [[31merror[39m]: uncaughtException: listen EADDRINUSE: address already in use :::8001
Error: listen EADDRINUSE: address already in use :::8001
    at Server.setupListenHandle [as _listen2] (node:net:1939:16)
    at listenInCluster (node:net:1996:12)
    at Server.listen (node:net:2101:7)
    at Object.<anonymous> (C:\Users\Ivan Xavier\CascadeProjects\roulette_go\backend_js\server.js:48:8)
    at Module._compile (node:internal/modules/cjs/loader:1730:14)
    at Object..js (node:internal/modules/cjs/loader:1895:10)
    at Module.load (node:internal/modules/cjs/loader:1465:32)
    at Function._load (node:internal/modules/cjs/loader:1282:12)
    at TracingChannel.traceSync (node:diagnostics_channel:322:14)
    at wrapModuleLoad (node:internal/modules/cjs/loader:235:24)
{
  "error": {
    "code": "EADDRINUSE",
    "errno": -4091,
    "syscall": "listen",
    "address": "::",
    "port": 8001
  },
  "stack": "Error: listen EADDRINUSE: address already in use :::8001\n    at Server.setupListenHandle [as _listen2] (node:net:1939:16)\n    at listenInCluster (node:net:1996:12)\n    at Server.listen (node:net:2101:7)\n    at Object.<anonymous> (C:\\Users\\Ivan Xavier\\CascadeProjects\\roulette_go\\backend_js\\server.js:48:8)\n    at Module._compile (node:internal/modules/cjs/loader:1730:14)\n    at Object..js (node:internal/modules/cjs/loader:1895:10)\n    at Module.load (node:internal/modules/cjs/loader:1465:32)\n    at Function._load (node:internal/modules/cjs/loader:1282:12)\n    at TracingChannel.traceSync (node:diagnostics_channel:322:14)\n    at wrapModuleLoad (node:internal/modules/cjs/loader:235:24)",
  "exception": true,
  "date": "Tue Aug 05 2025 22:41:25 GMT-0300 (Horário Padrão de Brasília)",
  "process": {
    "pid": 28580,
    "uid": null,
    "gid": null,
    "cwd": "C:\\Users\\Ivan Xavier\\CascadeProjects\\roulette_go\\backend_js",
    "execPath": "C:\\Program Files\\nodejs\\node.exe",
    "version": "v22.16.0",
    "argv": [
      "C:\\Program Files\\nodejs\\node.exe",
      "C:\\Users\\Ivan Xavier\\CascadeProjects\\roulette_go\\backend_js\\server.js"
    ],
    "memoryUsage": {
      "rss": 57200640,
      "heapTotal": 20246528,
      "heapUsed": 12505216,
      "external": 2316779,
      "arrayBuffers": 19107
    }
  },
  "os": {
    "loadavg": [
      0,
      0,
      0
    ],
    "uptime": 106018.562
  },
  "trace": [
    {
      "column": 16,
      "file": "node:net",
      "function": "Server.setupListenHandle [as _listen2]",
      "line": 1939,
      "method": "setupListenHandle [as _listen2]",
      "native": false
    },
    {
      "column": 12,
      "file": "node:net",
      "function": "listenInCluster",
      "line": 1996,
      "method": null,
      "native": false
    },
    {
      "column": 7,
      "file": "node:net",
      "function": "Server.listen",
      "line": 2101,
      "method": "listen",
      "native": false
    },
    {
      "column": 8,
      "file": "C:\\Users\\Ivan Xavier\\CascadeProjects\\roulette_go\\backend_js\\server.js",
      "function": null,
      "line": 48,
      "method": null,
      "native": false
    },
    {
      "column": 14,
      "file": "node:internal/modules/cjs/loader",
      "function": "Module._compile",
      "line": 1730,
      "method": "_compile",
      "native": false
    },
    {
      "column": 10,
      "file": "node:internal/modules/cjs/loader",
      "function": "Object..js",
      "line": 1895,
      "method": ".js",
      "native": false
    },
    {
      "column": 32,
      "file": "node:internal/modules/cjs/loader",
      "function": "Module.load",
      "line": 1465,
      "method": "load",
      "native": false
    },
    {
      "column": 12,
      "file": "node:internal/modules/cjs/loader",
      "function": "Function._load",
      "line": 1282,
      "method": "_load",
      "native": false
    },
    {
      "column": 14,
      "file": "node:diagnostics_channel",
      "function": "TracingChannel.traceSync",
      "line": 322,
      "method": "traceSync",
      "native": false
    },
    {
      "column": 24,
      "file": "node:internal/modules/cjs/loader",
      "function": "wrapModuleLoad",
      "line": 235,
      "method": null,
      "native": false
    }
  ]
}
2025-08-05 22:41:25 [[31merror[39m]: uncaughtException: listen EADDRINUSE: address already in use :::8001
Error: listen EADDRINUSE: address already in use :::8001
    at Server.setupListenHandle [as _listen2] (node:net:1939:16)
    at listenInCluster (node:net:1996:12)
    at Server.listen (node:net:2101:7)
    at Object.<anonymous> (C:\Users\Ivan Xavier\CascadeProjects\roulette_go\backend_js\server.js:48:8)
    at Module._compile (node:internal/modules/cjs/loader:1730:14)
    at Object..js (node:internal/modules/cjs/loader:1895:10)
    at Module.load (node:internal/modules/cjs/loader:1465:32)
    at Function._load (node:internal/modules/cjs/loader:1282:12)
    at TracingChannel.traceSync (node:diagnostics_channel:322:14)
    at wrapModuleLoad (node:internal/modules/cjs/loader:235:24)
{
  "error": {
    "code": "EADDRINUSE",
    "errno": -4091,
    "syscall": "listen",
    "address": "::",
    "port": 8001
  },
  "stack": "Error: listen EADDRINUSE: address already in use :::8001\n    at Server.setupListenHandle [as _listen2] (node:net:1939:16)\n    at listenInCluster (node:net:1996:12)\n    at Server.listen (node:net:2101:7)\n    at Object.<anonymous> (C:\\Users\\Ivan Xavier\\CascadeProjects\\roulette_go\\backend_js\\server.js:48:8)\n    at Module._compile (node:internal/modules/cjs/loader:1730:14)\n    at Object..js (node:internal/modules/cjs/loader:1895:10)\n    at Module.load (node:internal/modules/cjs/loader:1465:32)\n    at Function._load (node:internal/modules/cjs/loader:1282:12)\n    at TracingChannel.traceSync (node:diagnostics_channel:322:14)\n    at wrapModuleLoad (node:internal/modules/cjs/loader:235:24)",
  "exception": true,
  "date": "Tue Aug 05 2025 22:41:25 GMT-0300 (Horário Padrão de Brasília)",
  "process": {
    "pid": 30256,
    "uid": null,
    "gid": null,
    "cwd": "C:\\Users\\Ivan Xavier\\CascadeProjects\\roulette_go\\backend_js",
    "execPath": "C:\\Program Files\\nodejs\\node.exe",
    "version": "v22.16.0",
    "argv": [
      "C:\\Program Files\\nodejs\\node.exe",
      "C:\\Users\\Ivan Xavier\\CascadeProjects\\roulette_go\\backend_js\\server.js"
    ],
    "memoryUsage": {
      "rss": 57352192,
      "heapTotal": 20508672,
      "heapUsed": 12611440,
      "external": 2316779,
      "arrayBuffers": 19107
    }
  },
  "os": {
    "loadavg": [
      0,
      0,
      0
    ],
    "uptime": 106018.562
  },
  "trace": [
    {
      "column": 16,
      "file": "node:net",
      "function": "Server.setupListenHandle [as _listen2]",
      "line": 1939,
      "method": "setupListenHandle [as _listen2]",
      "native": false
    },
    {
      "column": 12,
      "file": "node:net",
      "function": "listenInCluster",
      "line": 1996,
      "method": null,
      "native": false
    },
    {
      "column": 7,
      "file": "node:net",
      "function": "Server.listen",
      "line": 2101,
      "method": "listen",
      "native": false
    },
    {
      "column": 8,
      "file": "C:\\Users\\Ivan Xavier\\CascadeProjects\\roulette_go\\backend_js\\server.js",
      "function": null,
      "line": 48,
      "method": null,
      "native": false
    },
    {
      "column": 14,
      "file": "node:internal/modules/cjs/loader",
      "function": "Module._compile",
      "line": 1730,
      "method": "_compile",
      "native": false
    },
    {
      "column": 10,
      "file": "node:internal/modules/cjs/loader",
      "function": "Object..js",
      "line": 1895,
      "method": ".js",
      "native": false
    },
    {
      "column": 32,
      "file": "node:internal/modules/cjs/loader",
      "function": "Module.load",
      "line": 1465,
      "method": "load",
      "native": false
    },
    {
      "column": 12,
      "file": "node:internal/modules/cjs/loader",
      "function": "Function._load",
      "line": 1282,
      "method": "_load",
      "native": false
    },
    {
      "column": 14,
      "file": "node:diagnostics_channel",
      "function": "TracingChannel.traceSync",
      "line": 322,
      "method": "traceSync",
      "native": false
    },
    {
      "column": 24,
      "file": "node:internal/modules/cjs/loader",
      "function": "wrapModuleLoad",
      "line": 235,
      "method": null,
      "native": false
    }
  ]
}
2025-08-05 22:54:28 [[31merror[39m]: uncaughtException: listen EADDRINUSE: address already in use :::8001
Error: listen EADDRINUSE: address already in use :::8001
    at Server.setupListenHandle [as _listen2] (node:net:1939:16)
    at listenInCluster (node:net:1996:12)
    at Server.listen (node:net:2101:7)
    at Object.<anonymous> (C:\Users\Ivan Xavier\CascadeProjects\roulette_go\backend_js\server.js:48:8)
    at Module._compile (node:internal/modules/cjs/loader:1730:14)
    at Object..js (node:internal/modules/cjs/loader:1895:10)
    at Module.load (node:internal/modules/cjs/loader:1465:32)
    at Function._load (node:internal/modules/cjs/loader:1282:12)
    at TracingChannel.traceSync (node:diagnostics_channel:322:14)
    at wrapModuleLoad (node:internal/modules/cjs/loader:235:24)
{
  "error": {
    "code": "EADDRINUSE",
    "errno": -4091,
    "syscall": "listen",
    "address": "::",
    "port": 8001
  },
  "stack": "Error: listen EADDRINUSE: address already in use :::8001\n    at Server.setupListenHandle [as _listen2] (node:net:1939:16)\n    at listenInCluster (node:net:1996:12)\n    at Server.listen (node:net:2101:7)\n    at Object.<anonymous> (C:\\Users\\Ivan Xavier\\CascadeProjects\\roulette_go\\backend_js\\server.js:48:8)\n    at Module._compile (node:internal/modules/cjs/loader:1730:14)\n    at Object..js (node:internal/modules/cjs/loader:1895:10)\n    at Module.load (node:internal/modules/cjs/loader:1465:32)\n    at Function._load (node:internal/modules/cjs/loader:1282:12)\n    at TracingChannel.traceSync (node:diagnostics_channel:322:14)\n    at wrapModuleLoad (node:internal/modules/cjs/loader:235:24)",
  "exception": true,
  "date": "Tue Aug 05 2025 22:54:28 GMT-0300 (Horário Padrão de Brasília)",
  "process": {
    "pid": 18700,
    "uid": null,
    "gid": null,
    "cwd": "C:\\Users\\Ivan Xavier\\CascadeProjects\\roulette_go\\backend_js",
    "execPath": "C:\\Program Files\\nodejs\\node.exe",
    "version": "v22.16.0",
    "argv": [
      "C:\\Program Files\\nodejs\\node.exe",
      "C:\\Users\\Ivan Xavier\\CascadeProjects\\roulette_go\\backend_js\\server.js"
    ],
    "memoryUsage": {
      "rss": 57348096,
      "heapTotal": 20508672,
      "heapUsed": 12570896,
      "external": 2316779,
      "arrayBuffers": 19107
    }
  },
  "os": {
    "loadavg": [
      0,
      0,
      0
    ],
    "uptime": 106801.5
  },
  "trace": [
    {
      "column": 16,
      "file": "node:net",
      "function": "Server.setupListenHandle [as _listen2]",
      "line": 1939,
      "method": "setupListenHandle [as _listen2]",
      "native": false
    },
    {
      "column": 12,
      "file": "node:net",
      "function": "listenInCluster",
      "line": 1996,
      "method": null,
      "native": false
    },
    {
      "column": 7,
      "file": "node:net",
      "function": "Server.listen",
      "line": 2101,
      "method": "listen",
      "native": false
    },
    {
      "column": 8,
      "file": "C:\\Users\\Ivan Xavier\\CascadeProjects\\roulette_go\\backend_js\\server.js",
      "function": null,
      "line": 48,
      "method": null,
      "native": false
    },
    {
      "column": 14,
      "file": "node:internal/modules/cjs/loader",
      "function": "Module._compile",
      "line": 1730,
      "method": "_compile",
      "native": false
    },
    {
      "column": 10,
      "file": "node:internal/modules/cjs/loader",
      "function": "Object..js",
      "line": 1895,
      "method": ".js",
      "native": false
    },
    {
      "column": 32,
      "file": "node:internal/modules/cjs/loader",
      "function": "Module.load",
      "line": 1465,
      "method": "load",
      "native": false
    },
    {
      "column": 12,
      "file": "node:internal/modules/cjs/loader",
      "function": "Function._load",
      "line": 1282,
      "method": "_load",
      "native": false
    },
    {
      "column": 14,
      "file": "node:diagnostics_channel",
      "function": "TracingChannel.traceSync",
      "line": 322,
      "method": "traceSync",
      "native": false
    },
    {
      "column": 24,
      "file": "node:internal/modules/cjs/loader",
      "function": "wrapModuleLoad",
      "line": 235,
      "method": null,
      "native": false
    }
  ]
}
2025-08-05 22:54:28 [[31merror[39m]: uncaughtException: listen EADDRINUSE: address already in use :::8001
Error: listen EADDRINUSE: address already in use :::8001
    at Server.setupListenHandle [as _listen2] (node:net:1939:16)
    at listenInCluster (node:net:1996:12)
    at Server.listen (node:net:2101:7)
    at Object.<anonymous> (C:\Users\Ivan Xavier\CascadeProjects\roulette_go\backend_js\server.js:48:8)
    at Module._compile (node:internal/modules/cjs/loader:1730:14)
    at Object..js (node:internal/modules/cjs/loader:1895:10)
    at Module.load (node:internal/modules/cjs/loader:1465:32)
    at Function._load (node:internal/modules/cjs/loader:1282:12)
    at TracingChannel.traceSync (node:diagnostics_channel:322:14)
    at wrapModuleLoad (node:internal/modules/cjs/loader:235:24)
{
  "error": {
    "code": "EADDRINUSE",
    "errno": -4091,
    "syscall": "listen",
    "address": "::",
    "port": 8001
  },
  "stack": "Error: listen EADDRINUSE: address already in use :::8001\n    at Server.setupListenHandle [as _listen2] (node:net:1939:16)\n    at listenInCluster (node:net:1996:12)\n    at Server.listen (node:net:2101:7)\n    at Object.<anonymous> (C:\\Users\\Ivan Xavier\\CascadeProjects\\roulette_go\\backend_js\\server.js:48:8)\n    at Module._compile (node:internal/modules/cjs/loader:1730:14)\n    at Object..js (node:internal/modules/cjs/loader:1895:10)\n    at Module.load (node:internal/modules/cjs/loader:1465:32)\n    at Function._load (node:internal/modules/cjs/loader:1282:12)\n    at TracingChannel.traceSync (node:diagnostics_channel:322:14)\n    at wrapModuleLoad (node:internal/modules/cjs/loader:235:24)",
  "exception": true,
  "date": "Tue Aug 05 2025 22:54:28 GMT-0300 (Horário Padrão de Brasília)",
  "process": {
    "pid": 4924,
    "uid": null,
    "gid": null,
    "cwd": "C:\\Users\\Ivan Xavier\\CascadeProjects\\roulette_go\\backend_js",
    "execPath": "C:\\Program Files\\nodejs\\node.exe",
    "version": "v22.16.0",
    "argv": [
      "C:\\Program Files\\nodejs\\node.exe",
      "C:\\Users\\Ivan Xavier\\CascadeProjects\\roulette_go\\backend_js\\server.js"
    ],
    "memoryUsage": {
      "rss": 57389056,
      "heapTotal": 20508672,
      "heapUsed": 12633712,
      "external": 2316779,
      "arrayBuffers": 19107
    }
  },
  "os": {
    "loadavg": [
      0,
      0,
      0
    ],
    "uptime": 106801.515
  },
  "trace": [
    {
      "column": 16,
      "file": "node:net",
      "function": "Server.setupListenHandle [as _listen2]",
      "line": 1939,
      "method": "setupListenHandle [as _listen2]",
      "native": false
    },
    {
      "column": 12,
      "file": "node:net",
      "function": "listenInCluster",
      "line": 1996,
      "method": null,
      "native": false
    },
    {
      "column": 7,
      "file": "node:net",
      "function": "Server.listen",
      "line": 2101,
      "method": "listen",
      "native": false
    },
    {
      "column": 8,
      "file": "C:\\Users\\Ivan Xavier\\CascadeProjects\\roulette_go\\backend_js\\server.js",
      "function": null,
      "line": 48,
      "method": null,
      "native": false
    },
    {
      "column": 14,
      "file": "node:internal/modules/cjs/loader",
      "function": "Module._compile",
      "line": 1730,
      "method": "_compile",
      "native": false
    },
    {
      "column": 10,
      "file": "node:internal/modules/cjs/loader",
      "function": "Object..js",
      "line": 1895,
      "method": ".js",
      "native": false
    },
    {
      "column": 32,
      "file": "node:internal/modules/cjs/loader",
      "function": "Module.load",
      "line": 1465,
      "method": "load",
      "native": false
    },
    {
      "column": 12,
      "file": "node:internal/modules/cjs/loader",
      "function": "Function._load",
      "line": 1282,
      "method": "_load",
      "native": false
    },
    {
      "column": 14,
      "file": "node:diagnostics_channel",
      "function": "TracingChannel.traceSync",
      "line": 322,
      "method": "traceSync",
      "native": false
    },
    {
      "column": 24,
      "file": "node:internal/modules/cjs/loader",
      "function": "wrapModuleLoad",
      "line": 235,
      "method": null,
      "native": false
    }
  ]
}
2025-08-05 22:54:28 [[31merror[39m]: uncaughtException: listen EADDRINUSE: address already in use :::8001
Error: listen EADDRINUSE: address already in use :::8001
    at Server.setupListenHandle [as _listen2] (node:net:1939:16)
    at listenInCluster (node:net:1996:12)
    at Server.listen (node:net:2101:7)
    at Object.<anonymous> (C:\Users\Ivan Xavier\CascadeProjects\roulette_go\backend_js\server.js:48:8)
    at Module._compile (node:internal/modules/cjs/loader:1730:14)
    at Object..js (node:internal/modules/cjs/loader:1895:10)
    at Module.load (node:internal/modules/cjs/loader:1465:32)
    at Function._load (node:internal/modules/cjs/loader:1282:12)
    at TracingChannel.traceSync (node:diagnostics_channel:322:14)
    at wrapModuleLoad (node:internal/modules/cjs/loader:235:24)
{
  "error": {
    "code": "EADDRINUSE",
    "errno": -4091,
    "syscall": "listen",
    "address": "::",
    "port": 8001
  },
  "stack": "Error: listen EADDRINUSE: address already in use :::8001\n    at Server.setupListenHandle [as _listen2] (node:net:1939:16)\n    at listenInCluster (node:net:1996:12)\n    at Server.listen (node:net:2101:7)\n    at Object.<anonymous> (C:\\Users\\Ivan Xavier\\CascadeProjects\\roulette_go\\backend_js\\server.js:48:8)\n    at Module._compile (node:internal/modules/cjs/loader:1730:14)\n    at Object..js (node:internal/modules/cjs/loader:1895:10)\n    at Module.load (node:internal/modules/cjs/loader:1465:32)\n    at Function._load (node:internal/modules/cjs/loader:1282:12)\n    at TracingChannel.traceSync (node:diagnostics_channel:322:14)\n    at wrapModuleLoad (node:internal/modules/cjs/loader:235:24)",
  "exception": true,
  "date": "Tue Aug 05 2025 22:54:28 GMT-0300 (Horário Padrão de Brasília)",
  "process": {
    "pid": 4796,
    "uid": null,
    "gid": null,
    "cwd": "C:\\Users\\Ivan Xavier\\CascadeProjects\\roulette_go\\backend_js",
    "execPath": "C:\\Program Files\\nodejs\\node.exe",
    "version": "v22.16.0",
    "argv": [
      "C:\\Program Files\\nodejs\\node.exe",
      "C:\\Users\\Ivan Xavier\\CascadeProjects\\roulette_go\\backend_js\\server.js"
    ],
    "memoryUsage": {
      "rss": 57360384,
      "heapTotal": 20246528,
      "heapUsed": 12587376,
      "external": 2316779,
      "arrayBuffers": 19107
    }
  },
  "os": {
    "loadavg": [
      0,
      0,
      0
    ],
    "uptime": 106801.515
  },
  "trace": [
    {
      "column": 16,
      "file": "node:net",
      "function": "Server.setupListenHandle [as _listen2]",
      "line": 1939,
      "method": "setupListenHandle [as _listen2]",
      "native": false
    },
    {
      "column": 12,
      "file": "node:net",
      "function": "listenInCluster",
      "line": 1996,
      "method": null,
      "native": false
    },
    {
      "column": 7,
      "file": "node:net",
      "function": "Server.listen",
      "line": 2101,
      "method": "listen",
      "native": false
    },
    {
      "column": 8,
      "file": "C:\\Users\\Ivan Xavier\\CascadeProjects\\roulette_go\\backend_js\\server.js",
      "function": null,
      "line": 48,
      "method": null,
      "native": false
    },
    {
      "column": 14,
      "file": "node:internal/modules/cjs/loader",
      "function": "Module._compile",
      "line": 1730,
      "method": "_compile",
      "native": false
    },
    {
      "column": 10,
      "file": "node:internal/modules/cjs/loader",
      "function": "Object..js",
      "line": 1895,
      "method": ".js",
      "native": false
    },
    {
      "column": 32,
      "file": "node:internal/modules/cjs/loader",
      "function": "Module.load",
      "line": 1465,
      "method": "load",
      "native": false
    },
    {
      "column": 12,
      "file": "node:internal/modules/cjs/loader",
      "function": "Function._load",
      "line": 1282,
      "method": "_load",
      "native": false
    },
    {
      "column": 14,
      "file": "node:diagnostics_channel",
      "function": "TracingChannel.traceSync",
      "line": 322,
      "method": "traceSync",
      "native": false
    },
    {
      "column": 24,
      "file": "node:internal/modules/cjs/loader",
      "function": "wrapModuleLoad",
      "line": 235,
      "method": null,
      "native": false
    }
  ]
}
2025-08-05 23:00:06 [[31merror[39m]: uncaughtException: listen EADDRINUSE: address already in use :::8001
Error: listen EADDRINUSE: address already in use :::8001
    at Server.setupListenHandle [as _listen2] (node:net:1939:16)
    at listenInCluster (node:net:1996:12)
    at Server.listen (node:net:2101:7)
    at Object.<anonymous> (C:\Users\Ivan Xavier\CascadeProjects\roulette_go\backend_js\server.js:48:8)
    at Module._compile (node:internal/modules/cjs/loader:1730:14)
    at Object..js (node:internal/modules/cjs/loader:1895:10)
    at Module.load (node:internal/modules/cjs/loader:1465:32)
    at Function._load (node:internal/modules/cjs/loader:1282:12)
    at TracingChannel.traceSync (node:diagnostics_channel:322:14)
    at wrapModuleLoad (node:internal/modules/cjs/loader:235:24)
{
  "error": {
    "code": "EADDRINUSE",
    "errno": -4091,
    "syscall": "listen",
    "address": "::",
    "port": 8001
  },
  "stack": "Error: listen EADDRINUSE: address already in use :::8001\n    at Server.setupListenHandle [as _listen2] (node:net:1939:16)\n    at listenInCluster (node:net:1996:12)\n    at Server.listen (node:net:2101:7)\n    at Object.<anonymous> (C:\\Users\\Ivan Xavier\\CascadeProjects\\roulette_go\\backend_js\\server.js:48:8)\n    at Module._compile (node:internal/modules/cjs/loader:1730:14)\n    at Object..js (node:internal/modules/cjs/loader:1895:10)\n    at Module.load (node:internal/modules/cjs/loader:1465:32)\n    at Function._load (node:internal/modules/cjs/loader:1282:12)\n    at TracingChannel.traceSync (node:diagnostics_channel:322:14)\n    at wrapModuleLoad (node:internal/modules/cjs/loader:235:24)",
  "exception": true,
  "date": "Tue Aug 05 2025 23:00:06 GMT-0300 (Horário Padrão de Brasília)",
  "process": {
    "pid": 29648,
    "uid": null,
    "gid": null,
    "cwd": "C:\\Users\\Ivan Xavier\\CascadeProjects\\roulette_go\\backend_js",
    "execPath": "C:\\Program Files\\nodejs\\node.exe",
    "version": "v22.16.0",
    "argv": [
      "C:\\Program Files\\nodejs\\node.exe",
      "C:\\Users\\Ivan Xavier\\CascadeProjects\\roulette_go\\backend_js\\server.js"
    ],
    "memoryUsage": {
      "rss": 57638912,
      "heapTotal": 20246528,
      "heapUsed": 12388784,
      "external": 2290448,
      "arrayBuffers": 18931
    }
  },
  "os": {
    "loadavg": [
      0,
      0,
      0
    ],
    "uptime": 107139.14
  },
  "trace": [
    {
      "column": 16,
      "file": "node:net",
      "function": "Server.setupListenHandle [as _listen2]",
      "line": 1939,
      "method": "setupListenHandle [as _listen2]",
      "native": false
    },
    {
      "column": 12,
      "file": "node:net",
      "function": "listenInCluster",
      "line": 1996,
      "method": null,
      "native": false
    },
    {
      "column": 7,
      "file": "node:net",
      "function": "Server.listen",
      "line": 2101,
      "method": "listen",
      "native": false
    },
    {
      "column": 8,
      "file": "C:\\Users\\Ivan Xavier\\CascadeProjects\\roulette_go\\backend_js\\server.js",
      "function": null,
      "line": 48,
      "method": null,
      "native": false
    },
    {
      "column": 14,
      "file": "node:internal/modules/cjs/loader",
      "function": "Module._compile",
      "line": 1730,
      "method": "_compile",
      "native": false
    },
    {
      "column": 10,
      "file": "node:internal/modules/cjs/loader",
      "function": "Object..js",
      "line": 1895,
      "method": ".js",
      "native": false
    },
    {
      "column": 32,
      "file": "node:internal/modules/cjs/loader",
      "function": "Module.load",
      "line": 1465,
      "method": "load",
      "native": false
    },
    {
      "column": 12,
      "file": "node:internal/modules/cjs/loader",
      "function": "Function._load",
      "line": 1282,
      "method": "_load",
      "native": false
    },
    {
      "column": 14,
      "file": "node:diagnostics_channel",
      "function": "TracingChannel.traceSync",
      "line": 322,
      "method": "traceSync",
      "native": false
    },
    {
      "column": 24,
      "file": "node:internal/modules/cjs/loader",
      "function": "wrapModuleLoad",
      "line": 235,
      "method": null,
      "native": false
    }
  ]
}
2025-08-05 23:42:30 [[31merror[39m]: uncaughtException: listen EADDRINUSE: address already in use :::8001
Error: listen EADDRINUSE: address already in use :::8001
    at Server.setupListenHandle [as _listen2] (node:net:1939:16)
    at listenInCluster (node:net:1996:12)
    at Server.listen (node:net:2101:7)
    at Object.<anonymous> (C:\Users\Ivan Xavier\CascadeProjects\roulette_go\backend_js\server.js:48:8)
    at Module._compile (node:internal/modules/cjs/loader:1730:14)
    at Object..js (node:internal/modules/cjs/loader:1895:10)
    at Module.load (node:internal/modules/cjs/loader:1465:32)
    at Function._load (node:internal/modules/cjs/loader:1282:12)
    at TracingChannel.traceSync (node:diagnostics_channel:322:14)
    at wrapModuleLoad (node:internal/modules/cjs/loader:235:24)
{
  "error": {
    "code": "EADDRINUSE",
    "errno": -4091,
    "syscall": "listen",
    "address": "::",
    "port": 8001
  },
  "stack": "Error: listen EADDRINUSE: address already in use :::8001\n    at Server.setupListenHandle [as _listen2] (node:net:1939:16)\n    at listenInCluster (node:net:1996:12)\n    at Server.listen (node:net:2101:7)\n    at Object.<anonymous> (C:\\Users\\Ivan Xavier\\CascadeProjects\\roulette_go\\backend_js\\server.js:48:8)\n    at Module._compile (node:internal/modules/cjs/loader:1730:14)\n    at Object..js (node:internal/modules/cjs/loader:1895:10)\n    at Module.load (node:internal/modules/cjs/loader:1465:32)\n    at Function._load (node:internal/modules/cjs/loader:1282:12)\n    at TracingChannel.traceSync (node:diagnostics_channel:322:14)\n    at wrapModuleLoad (node:internal/modules/cjs/loader:235:24)",
  "exception": true,
  "date": "Tue Aug 05 2025 23:42:30 GMT-0300 (Horário Padrão de Brasília)",
  "process": {
    "pid": 30224,
    "uid": null,
    "gid": null,
    "cwd": "C:\\Users\\Ivan Xavier\\CascadeProjects\\roulette_go\\backend_js",
    "execPath": "C:\\Program Files\\nodejs\\node.exe",
    "version": "v22.16.0",
    "argv": [
      "C:\\Program Files\\nodejs\\node.exe",
      "C:\\Users\\Ivan Xavier\\CascadeProjects\\roulette_go\\backend_js\\server.js"
    ],
    "memoryUsage": {
      "rss": 61095936,
      "heapTotal": 20508672,
      "heapUsed": 12653608,
      "external": 2316779,
      "arrayBuffers": 19107
    }
  },
  "os": {
    "loadavg": [
      0,
      0,
      0
    ],
    "uptime": 109683.796
  },
  "trace": [
    {
      "column": 16,
      "file": "node:net",
      "function": "Server.setupListenHandle [as _listen2]",
      "line": 1939,
      "method": "setupListenHandle [as _listen2]",
      "native": false
    },
    {
      "column": 12,
      "file": "node:net",
      "function": "listenInCluster",
      "line": 1996,
      "method": null,
      "native": false
    },
    {
      "column": 7,
      "file": "node:net",
      "function": "Server.listen",
      "line": 2101,
      "method": "listen",
      "native": false
    },
    {
      "column": 8,
      "file": "C:\\Users\\Ivan Xavier\\CascadeProjects\\roulette_go\\backend_js\\server.js",
      "function": null,
      "line": 48,
      "method": null,
      "native": false
    },
    {
      "column": 14,
      "file": "node:internal/modules/cjs/loader",
      "function": "Module._compile",
      "line": 1730,
      "method": "_compile",
      "native": false
    },
    {
      "column": 10,
      "file": "node:internal/modules/cjs/loader",
      "function": "Object..js",
      "line": 1895,
      "method": ".js",
      "native": false
    },
    {
      "column": 32,
      "file": "node:internal/modules/cjs/loader",
      "function": "Module.load",
      "line": 1465,
      "method": "load",
      "native": false
    },
    {
      "column": 12,
      "file": "node:internal/modules/cjs/loader",
      "function": "Function._load",
      "line": 1282,
      "method": "_load",
      "native": false
    },
    {
      "column": 14,
      "file": "node:diagnostics_channel",
      "function": "TracingChannel.traceSync",
      "line": 322,
      "method": "traceSync",
      "native": false
    },
    {
      "column": 24,
      "file": "node:internal/modules/cjs/loader",
      "function": "wrapModuleLoad",
      "line": 235,
      "method": null,
      "native": false
    }
  ]
}
2025-08-05 23:42:30 [[31merror[39m]: uncaughtException: listen EADDRINUSE: address already in use :::8001
Error: listen EADDRINUSE: address already in use :::8001
    at Server.setupListenHandle [as _listen2] (node:net:1939:16)
    at listenInCluster (node:net:1996:12)
    at Server.listen (node:net:2101:7)
    at Object.<anonymous> (C:\Users\Ivan Xavier\CascadeProjects\roulette_go\backend_js\server.js:48:8)
    at Module._compile (node:internal/modules/cjs/loader:1730:14)
    at Object..js (node:internal/modules/cjs/loader:1895:10)
    at Module.load (node:internal/modules/cjs/loader:1465:32)
    at Function._load (node:internal/modules/cjs/loader:1282:12)
    at TracingChannel.traceSync (node:diagnostics_channel:322:14)
    at wrapModuleLoad (node:internal/modules/cjs/loader:235:24)
{
  "error": {
    "code": "EADDRINUSE",
    "errno": -4091,
    "syscall": "listen",
    "address": "::",
    "port": 8001
  },
  "stack": "Error: listen EADDRINUSE: address already in use :::8001\n    at Server.setupListenHandle [as _listen2] (node:net:1939:16)\n    at listenInCluster (node:net:1996:12)\n    at Server.listen (node:net:2101:7)\n    at Object.<anonymous> (C:\\Users\\Ivan Xavier\\CascadeProjects\\roulette_go\\backend_js\\server.js:48:8)\n    at Module._compile (node:internal/modules/cjs/loader:1730:14)\n    at Object..js (node:internal/modules/cjs/loader:1895:10)\n    at Module.load (node:internal/modules/cjs/loader:1465:32)\n    at Function._load (node:internal/modules/cjs/loader:1282:12)\n    at TracingChannel.traceSync (node:diagnostics_channel:322:14)\n    at wrapModuleLoad (node:internal/modules/cjs/loader:235:24)",
  "exception": true,
  "date": "Tue Aug 05 2025 23:42:30 GMT-0300 (Horário Padrão de Brasília)",
  "process": {
    "pid": 28112,
    "uid": null,
    "gid": null,
    "cwd": "C:\\Users\\Ivan Xavier\\CascadeProjects\\roulette_go\\backend_js",
    "execPath": "C:\\Program Files\\nodejs\\node.exe",
    "version": "v22.16.0",
    "argv": [
      "C:\\Program Files\\nodejs\\node.exe",
      "C:\\Users\\Ivan Xavier\\CascadeProjects\\roulette_go\\backend_js\\server.js"
    ],
    "memoryUsage": {
      "rss": 61071360,
      "heapTotal": 20508672,
      "heapUsed": 12474872,
      "external": 2316779,
      "arrayBuffers": 19107
    }
  },
  "os": {
    "loadavg": [
      0,
      0,
      0
    ],
    "uptime": 109683.796
  },
  "trace": [
    {
      "column": 16,
      "file": "node:net",
      "function": "Server.setupListenHandle [as _listen2]",
      "line": 1939,
      "method": "setupListenHandle [as _listen2]",
      "native": false
    },
    {
      "column": 12,
      "file": "node:net",
      "function": "listenInCluster",
      "line": 1996,
      "method": null,
      "native": false
    },
    {
      "column": 7,
      "file": "node:net",
      "function": "Server.listen",
      "line": 2101,
      "method": "listen",
      "native": false
    },
    {
      "column": 8,
      "file": "C:\\Users\\Ivan Xavier\\CascadeProjects\\roulette_go\\backend_js\\server.js",
      "function": null,
      "line": 48,
      "method": null,
      "native": false
    },
    {
      "column": 14,
      "file": "node:internal/modules/cjs/loader",
      "function": "Module._compile",
      "line": 1730,
      "method": "_compile",
      "native": false
    },
    {
      "column": 10,
      "file": "node:internal/modules/cjs/loader",
      "function": "Object..js",
      "line": 1895,
      "method": ".js",
      "native": false
    },
    {
      "column": 32,
      "file": "node:internal/modules/cjs/loader",
      "function": "Module.load",
      "line": 1465,
      "method": "load",
      "native": false
    },
    {
      "column": 12,
      "file": "node:internal/modules/cjs/loader",
      "function": "Function._load",
      "line": 1282,
      "method": "_load",
      "native": false
    },
    {
      "column": 14,
      "file": "node:diagnostics_channel",
      "function": "TracingChannel.traceSync",
      "line": 322,
      "method": "traceSync",
      "native": false
    },
    {
      "column": 24,
      "file": "node:internal/modules/cjs/loader",
      "function": "wrapModuleLoad",
      "line": 235,
      "method": null,
      "native": false
    }
  ]
}
2025-08-05 23:42:30 [[31merror[39m]: uncaughtException: listen EADDRINUSE: address already in use :::8001
Error: listen EADDRINUSE: address already in use :::8001
    at Server.setupListenHandle [as _listen2] (node:net:1939:16)
    at listenInCluster (node:net:1996:12)
    at Server.listen (node:net:2101:7)
    at Object.<anonymous> (C:\Users\Ivan Xavier\CascadeProjects\roulette_go\backend_js\server.js:48:8)
    at Module._compile (node:internal/modules/cjs/loader:1730:14)
    at Object..js (node:internal/modules/cjs/loader:1895:10)
    at Module.load (node:internal/modules/cjs/loader:1465:32)
    at Function._load (node:internal/modules/cjs/loader:1282:12)
    at TracingChannel.traceSync (node:diagnostics_channel:322:14)
    at wrapModuleLoad (node:internal/modules/cjs/loader:235:24)
{
  "error": {
    "code": "EADDRINUSE",
    "errno": -4091,
    "syscall": "listen",
    "address": "::",
    "port": 8001
  },
  "stack": "Error: listen EADDRINUSE: address already in use :::8001\n    at Server.setupListenHandle [as _listen2] (node:net:1939:16)\n    at listenInCluster (node:net:1996:12)\n    at Server.listen (node:net:2101:7)\n    at Object.<anonymous> (C:\\Users\\Ivan Xavier\\CascadeProjects\\roulette_go\\backend_js\\server.js:48:8)\n    at Module._compile (node:internal/modules/cjs/loader:1730:14)\n    at Object..js (node:internal/modules/cjs/loader:1895:10)\n    at Module.load (node:internal/modules/cjs/loader:1465:32)\n    at Function._load (node:internal/modules/cjs/loader:1282:12)\n    at TracingChannel.traceSync (node:diagnostics_channel:322:14)\n    at wrapModuleLoad (node:internal/modules/cjs/loader:235:24)",
  "exception": true,
  "date": "Tue Aug 05 2025 23:42:30 GMT-0300 (Horário Padrão de Brasília)",
  "process": {
    "pid": 27928,
    "uid": null,
    "gid": null,
    "cwd": "C:\\Users\\Ivan Xavier\\CascadeProjects\\roulette_go\\backend_js",
    "execPath": "C:\\Program Files\\nodejs\\node.exe",
    "version": "v22.16.0",
    "argv": [
      "C:\\Program Files\\nodejs\\node.exe",
      "C:\\Users\\Ivan Xavier\\CascadeProjects\\roulette_go\\backend_js\\server.js"
    ],
    "memoryUsage": {
      "rss": 61325312,
      "heapTotal": 19984384,
      "heapUsed": 12643184,
      "external": 2316779,
      "arrayBuffers": 19107
    }
  },
  "os": {
    "loadavg": [
      0,
      0,
      0
    ],
    "uptime": 109683.796
  },
  "trace": [
    {
      "column": 16,
      "file": "node:net",
      "function": "Server.setupListenHandle [as _listen2]",
      "line": 1939,
      "method": "setupListenHandle [as _listen2]",
      "native": false
    },
    {
      "column": 12,
      "file": "node:net",
      "function": "listenInCluster",
      "line": 1996,
      "method": null,
      "native": false
    },
    {
      "column": 7,
      "file": "node:net",
      "function": "Server.listen",
      "line": 2101,
      "method": "listen",
      "native": false
    },
    {
      "column": 8,
      "file": "C:\\Users\\Ivan Xavier\\CascadeProjects\\roulette_go\\backend_js\\server.js",
      "function": null,
      "line": 48,
      "method": null,
      "native": false
    },
    {
      "column": 14,
      "file": "node:internal/modules/cjs/loader",
      "function": "Module._compile",
      "line": 1730,
      "method": "_compile",
      "native": false
    },
    {
      "column": 10,
      "file": "node:internal/modules/cjs/loader",
      "function": "Object..js",
      "line": 1895,
      "method": ".js",
      "native": false
    },
    {
      "column": 32,
      "file": "node:internal/modules/cjs/loader",
      "function": "Module.load",
      "line": 1465,
      "method": "load",
      "native": false
    },
    {
      "column": 12,
      "file": "node:internal/modules/cjs/loader",
      "function": "Function._load",
      "line": 1282,
      "method": "_load",
      "native": false
    },
    {
      "column": 14,
      "file": "node:diagnostics_channel",
      "function": "TracingChannel.traceSync",
      "line": 322,
      "method": "traceSync",
      "native": false
    },
    {
      "column": 24,
      "file": "node:internal/modules/cjs/loader",
      "function": "wrapModuleLoad",
      "line": 235,
      "method": null,
      "native": false
    }
  ]
}
2025-08-05 23:42:31 [[31merror[39m]: uncaughtException: listen EADDRINUSE: address already in use :::8001
Error: listen EADDRINUSE: address already in use :::8001
    at Server.setupListenHandle [as _listen2] (node:net:1939:16)
    at listenInCluster (node:net:1996:12)
    at Server.listen (node:net:2101:7)
    at Object.<anonymous> (C:\Users\Ivan Xavier\CascadeProjects\roulette_go\backend_js\server.js:48:8)
    at Module._compile (node:internal/modules/cjs/loader:1730:14)
    at Object..js (node:internal/modules/cjs/loader:1895:10)
    at Module.load (node:internal/modules/cjs/loader:1465:32)
    at Function._load (node:internal/modules/cjs/loader:1282:12)
    at TracingChannel.traceSync (node:diagnostics_channel:322:14)
    at wrapModuleLoad (node:internal/modules/cjs/loader:235:24)
{
  "error": {
    "code": "EADDRINUSE",
    "errno": -4091,
    "syscall": "listen",
    "address": "::",
    "port": 8001
  },
  "stack": "Error: listen EADDRINUSE: address already in use :::8001\n    at Server.setupListenHandle [as _listen2] (node:net:1939:16)\n    at listenInCluster (node:net:1996:12)\n    at Server.listen (node:net:2101:7)\n    at Object.<anonymous> (C:\\Users\\Ivan Xavier\\CascadeProjects\\roulette_go\\backend_js\\server.js:48:8)\n    at Module._compile (node:internal/modules/cjs/loader:1730:14)\n    at Object..js (node:internal/modules/cjs/loader:1895:10)\n    at Module.load (node:internal/modules/cjs/loader:1465:32)\n    at Function._load (node:internal/modules/cjs/loader:1282:12)\n    at TracingChannel.traceSync (node:diagnostics_channel:322:14)\n    at wrapModuleLoad (node:internal/modules/cjs/loader:235:24)",
  "exception": true,
  "date": "Tue Aug 05 2025 23:42:31 GMT-0300 (Horário Padrão de Brasília)",
  "process": {
    "pid": 14512,
    "uid": null,
    "gid": null,
    "cwd": "C:\\Users\\Ivan Xavier\\CascadeProjects\\roulette_go\\backend_js",
    "execPath": "C:\\Program Files\\nodejs\\node.exe",
    "version": "v22.16.0",
    "argv": [
      "C:\\Program Files\\nodejs\\node.exe",
      "C:\\Users\\Ivan Xavier\\CascadeProjects\\roulette_go\\backend_js\\server.js"
    ],
    "memoryUsage": {
      "rss": 61222912,
      "heapTotal": 20246528,
      "heapUsed": 12550800,
      "external": 2316779,
      "arrayBuffers": 19107
    }
  },
  "os": {
    "loadavg": [
      0,
      0,
      0
    ],
    "uptime": 109684.14
  },
  "trace": [
    {
      "column": 16,
      "file": "node:net",
      "function": "Server.setupListenHandle [as _listen2]",
      "line": 1939,
      "method": "setupListenHandle [as _listen2]",
      "native": false
    },
    {
      "column": 12,
      "file": "node:net",
      "function": "listenInCluster",
      "line": 1996,
      "method": null,
      "native": false
    },
    {
      "column": 7,
      "file": "node:net",
      "function": "Server.listen",
      "line": 2101,
      "method": "listen",
      "native": false
    },
    {
      "column": 8,
      "file": "C:\\Users\\Ivan Xavier\\CascadeProjects\\roulette_go\\backend_js\\server.js",
      "function": null,
      "line": 48,
      "method": null,
      "native": false
    },
    {
      "column": 14,
      "file": "node:internal/modules/cjs/loader",
      "function": "Module._compile",
      "line": 1730,
      "method": "_compile",
      "native": false
    },
    {
      "column": 10,
      "file": "node:internal/modules/cjs/loader",
      "function": "Object..js",
      "line": 1895,
      "method": ".js",
      "native": false
    },
    {
      "column": 32,
      "file": "node:internal/modules/cjs/loader",
      "function": "Module.load",
      "line": 1465,
      "method": "load",
      "native": false
    },
    {
      "column": 12,
      "file": "node:internal/modules/cjs/loader",
      "function": "Function._load",
      "line": 1282,
      "method": "_load",
      "native": false
    },
    {
      "column": 14,
      "file": "node:diagnostics_channel",
      "function": "TracingChannel.traceSync",
      "line": 322,
      "method": "traceSync",
      "native": false
    },
    {
      "column": 24,
      "file": "node:internal/modules/cjs/loader",
      "function": "wrapModuleLoad",
      "line": 235,
      "method": null,
      "native": false
    }
  ]
}
2025-08-05 23:42:31 [[31merror[39m]: uncaughtException: listen EADDRINUSE: address already in use :::8001
Error: listen EADDRINUSE: address already in use :::8001
    at Server.setupListenHandle [as _listen2] (node:net:1939:16)
    at listenInCluster (node:net:1996:12)
    at Server.listen (node:net:2101:7)
    at Object.<anonymous> (C:\Users\Ivan Xavier\CascadeProjects\roulette_go\backend_js\server.js:48:8)
    at Module._compile (node:internal/modules/cjs/loader:1730:14)
    at Object..js (node:internal/modules/cjs/loader:1895:10)
    at Module.load (node:internal/modules/cjs/loader:1465:32)
    at Function._load (node:internal/modules/cjs/loader:1282:12)
    at TracingChannel.traceSync (node:diagnostics_channel:322:14)
    at wrapModuleLoad (node:internal/modules/cjs/loader:235:24)
{
  "error": {
    "code": "EADDRINUSE",
    "errno": -4091,
    "syscall": "listen",
    "address": "::",
    "port": 8001
  },
  "stack": "Error: listen EADDRINUSE: address already in use :::8001\n    at Server.setupListenHandle [as _listen2] (node:net:1939:16)\n    at listenInCluster (node:net:1996:12)\n    at Server.listen (node:net:2101:7)\n    at Object.<anonymous> (C:\\Users\\Ivan Xavier\\CascadeProjects\\roulette_go\\backend_js\\server.js:48:8)\n    at Module._compile (node:internal/modules/cjs/loader:1730:14)\n    at Object..js (node:internal/modules/cjs/loader:1895:10)\n    at Module.load (node:internal/modules/cjs/loader:1465:32)\n    at Function._load (node:internal/modules/cjs/loader:1282:12)\n    at TracingChannel.traceSync (node:diagnostics_channel:322:14)\n    at wrapModuleLoad (node:internal/modules/cjs/loader:235:24)",
  "exception": true,
  "date": "Tue Aug 05 2025 23:42:31 GMT-0300 (Horário Padrão de Brasília)",
  "process": {
    "pid": 17548,
    "uid": null,
    "gid": null,
    "cwd": "C:\\Users\\Ivan Xavier\\CascadeProjects\\roulette_go\\backend_js",
    "execPath": "C:\\Program Files\\nodejs\\node.exe",
    "version": "v22.16.0",
    "argv": [
      "C:\\Program Files\\nodejs\\node.exe",
      "C:\\Users\\Ivan Xavier\\CascadeProjects\\roulette_go\\backend_js\\server.js"
    ],
    "memoryUsage": {
      "rss": 61001728,
      "heapTotal": 19984384,
      "heapUsed": 12625192,
      "external": 2316779,
      "arrayBuffers": 19107
    }
  },
  "os": {
    "loadavg": [
      0,
      0,
      0
    ],
    "uptime": 109684.14
  },
  "trace": [
    {
      "column": 16,
      "file": "node:net",
      "function": "Server.setupListenHandle [as _listen2]",
      "line": 1939,
      "method": "setupListenHandle [as _listen2]",
      "native": false
    },
    {
      "column": 12,
      "file": "node:net",
      "function": "listenInCluster",
      "line": 1996,
      "method": null,
      "native": false
    },
    {
      "column": 7,
      "file": "node:net",
      "function": "Server.listen",
      "line": 2101,
      "method": "listen",
      "native": false
    },
    {
      "column": 8,
      "file": "C:\\Users\\Ivan Xavier\\CascadeProjects\\roulette_go\\backend_js\\server.js",
      "function": null,
      "line": 48,
      "method": null,
      "native": false
    },
    {
      "column": 14,
      "file": "node:internal/modules/cjs/loader",
      "function": "Module._compile",
      "line": 1730,
      "method": "_compile",
      "native": false
    },
    {
      "column": 10,
      "file": "node:internal/modules/cjs/loader",
      "function": "Object..js",
      "line": 1895,
      "method": ".js",
      "native": false
    },
    {
      "column": 32,
      "file": "node:internal/modules/cjs/loader",
      "function": "Module.load",
      "line": 1465,
      "method": "load",
      "native": false
    },
    {
      "column": 12,
      "file": "node:internal/modules/cjs/loader",
      "function": "Function._load",
      "line": 1282,
      "method": "_load",
      "native": false
    },
    {
      "column": 14,
      "file": "node:diagnostics_channel",
      "function": "TracingChannel.traceSync",
      "line": 322,
      "method": "traceSync",
      "native": false
    },
    {
      "column": 24,
      "file": "node:internal/modules/cjs/loader",
      "function": "wrapModuleLoad",
      "line": 235,
      "method": null,
      "native": false
    }
  ]
}
2025-08-05 23:42:31 [[31merror[39m]: uncaughtException: listen EADDRINUSE: address already in use :::8001
Error: listen EADDRINUSE: address already in use :::8001
    at Server.setupListenHandle [as _listen2] (node:net:1939:16)
    at listenInCluster (node:net:1996:12)
    at Server.listen (node:net:2101:7)
    at Object.<anonymous> (C:\Users\Ivan Xavier\CascadeProjects\roulette_go\backend_js\server.js:48:8)
    at Module._compile (node:internal/modules/cjs/loader:1730:14)
    at Object..js (node:internal/modules/cjs/loader:1895:10)
    at Module.load (node:internal/modules/cjs/loader:1465:32)
    at Function._load (node:internal/modules/cjs/loader:1282:12)
    at TracingChannel.traceSync (node:diagnostics_channel:322:14)
    at wrapModuleLoad (node:internal/modules/cjs/loader:235:24)
{
  "error": {
    "code": "EADDRINUSE",
    "errno": -4091,
    "syscall": "listen",
    "address": "::",
    "port": 8001
  },
  "stack": "Error: listen EADDRINUSE: address already in use :::8001\n    at Server.setupListenHandle [as _listen2] (node:net:1939:16)\n    at listenInCluster (node:net:1996:12)\n    at Server.listen (node:net:2101:7)\n    at Object.<anonymous> (C:\\Users\\Ivan Xavier\\CascadeProjects\\roulette_go\\backend_js\\server.js:48:8)\n    at Module._compile (node:internal/modules/cjs/loader:1730:14)\n    at Object..js (node:internal/modules/cjs/loader:1895:10)\n    at Module.load (node:internal/modules/cjs/loader:1465:32)\n    at Function._load (node:internal/modules/cjs/loader:1282:12)\n    at TracingChannel.traceSync (node:diagnostics_channel:322:14)\n    at wrapModuleLoad (node:internal/modules/cjs/loader:235:24)",
  "exception": true,
  "date": "Tue Aug 05 2025 23:42:31 GMT-0300 (Horário Padrão de Brasília)",
  "process": {
    "pid": 26588,
    "uid": null,
    "gid": null,
    "cwd": "C:\\Users\\Ivan Xavier\\CascadeProjects\\roulette_go\\backend_js",
    "execPath": "C:\\Program Files\\nodejs\\node.exe",
    "version": "v22.16.0",
    "argv": [
      "C:\\Program Files\\nodejs\\node.exe",
      "C:\\Users\\Ivan Xavier\\CascadeProjects\\roulette_go\\backend_js\\server.js"
    ],
    "memoryUsage": {
      "rss": 61362176,
      "heapTotal": 20246528,
      "heapUsed": 12670864,
      "external": 2316779,
      "arrayBuffers": 19107
    }
  },
  "os": {
    "loadavg": [
      0,
      0,
      0
    ],
    "uptime": 109684.14
  },
  "trace": [
    {
      "column": 16,
      "file": "node:net",
      "function": "Server.setupListenHandle [as _listen2]",
      "line": 1939,
      "method": "setupListenHandle [as _listen2]",
      "native": false
    },
    {
      "column": 12,
      "file": "node:net",
      "function": "listenInCluster",
      "line": 1996,
      "method": null,
      "native": false
    },
    {
      "column": 7,
      "file": "node:net",
      "function": "Server.listen",
      "line": 2101,
      "method": "listen",
      "native": false
    },
    {
      "column": 8,
      "file": "C:\\Users\\Ivan Xavier\\CascadeProjects\\roulette_go\\backend_js\\server.js",
      "function": null,
      "line": 48,
      "method": null,
      "native": false
    },
    {
      "column": 14,
      "file": "node:internal/modules/cjs/loader",
      "function": "Module._compile",
      "line": 1730,
      "method": "_compile",
      "native": false
    },
    {
      "column": 10,
      "file": "node:internal/modules/cjs/loader",
      "function": "Object..js",
      "line": 1895,
      "method": ".js",
      "native": false
    },
    {
      "column": 32,
      "file": "node:internal/modules/cjs/loader",
      "function": "Module.load",
      "line": 1465,
      "method": "load",
      "native": false
    },
    {
      "column": 12,
      "file": "node:internal/modules/cjs/loader",
      "function": "Function._load",
      "line": 1282,
      "method": "_load",
      "native": false
    },
    {
      "column": 14,
      "file": "node:diagnostics_channel",
      "function": "TracingChannel.traceSync",
      "line": 322,
      "method": "traceSync",
      "native": false
    },
    {
      "column": 24,
      "file": "node:internal/modules/cjs/loader",
      "function": "wrapModuleLoad",
      "line": 235,
      "method": null,
      "native": false
    }
  ]
}
2025-08-06 12:36:39 [[31merror[39m]: uncaughtException: listen EADDRINUSE: address already in use :::8001
Error: listen EADDRINUSE: address already in use :::8001
    at Server.setupListenHandle [as _listen2] (node:net:1939:16)
    at listenInCluster (node:net:1996:12)
    at Server.listen (node:net:2101:7)
    at Object.<anonymous> (C:\Users\Ivan Xavier\CascadeProjects\roulette_go\backend_js\server.js:48:8)
    at Module._compile (node:internal/modules/cjs/loader:1730:14)
    at Object..js (node:internal/modules/cjs/loader:1895:10)
    at Module.load (node:internal/modules/cjs/loader:1465:32)
    at Function._load (node:internal/modules/cjs/loader:1282:12)
    at TracingChannel.traceSync (node:diagnostics_channel:322:14)
    at wrapModuleLoad (node:internal/modules/cjs/loader:235:24)
{
  "error": {
    "code": "EADDRINUSE",
    "errno": -4091,
    "syscall": "listen",
    "address": "::",
    "port": 8001
  },
  "stack": "Error: listen EADDRINUSE: address already in use :::8001\n    at Server.setupListenHandle [as _listen2] (node:net:1939:16)\n    at listenInCluster (node:net:1996:12)\n    at Server.listen (node:net:2101:7)\n    at Object.<anonymous> (C:\\Users\\Ivan Xavier\\CascadeProjects\\roulette_go\\backend_js\\server.js:48:8)\n    at Module._compile (node:internal/modules/cjs/loader:1730:14)\n    at Object..js (node:internal/modules/cjs/loader:1895:10)\n    at Module.load (node:internal/modules/cjs/loader:1465:32)\n    at Function._load (node:internal/modules/cjs/loader:1282:12)\n    at TracingChannel.traceSync (node:diagnostics_channel:322:14)\n    at wrapModuleLoad (node:internal/modules/cjs/loader:235:24)",
  "exception": true,
  "date": "Wed Aug 06 2025 12:36:39 GMT-0300 (Horário Padrão de Brasília)",
  "process": {
    "pid": 7952,
    "uid": null,
    "gid": null,
    "cwd": "C:\\Users\\Ivan Xavier\\CascadeProjects\\roulette_go\\backend_js",
    "execPath": "C:\\Program Files\\nodejs\\node.exe",
    "version": "v22.16.0",
    "argv": [
      "C:\\Program Files\\nodejs\\node.exe",
      "C:\\Users\\Ivan Xavier\\CascadeProjects\\roulette_go\\backend_js\\server.js"
    ],
    "memoryUsage": {
      "rss": 61157376,
      "heapTotal": 20246528,
      "heapUsed": 12583480,
      "external": 2316779,
      "arrayBuffers": 19107
    }
  },
  "os": {
    "loadavg": [
      0,
      0,
      0
    ],
    "uptime": 156132.281
  },
  "trace": [
    {
      "column": 16,
      "file": "node:net",
      "function": "Server.setupListenHandle [as _listen2]",
      "line": 1939,
      "method": "setupListenHandle [as _listen2]",
      "native": false
    },
    {
      "column": 12,
      "file": "node:net",
      "function": "listenInCluster",
      "line": 1996,
      "method": null,
      "native": false
    },
    {
      "column": 7,
      "file": "node:net",
      "function": "Server.listen",
      "line": 2101,
      "method": "listen",
      "native": false
    },
    {
      "column": 8,
      "file": "C:\\Users\\Ivan Xavier\\CascadeProjects\\roulette_go\\backend_js\\server.js",
      "function": null,
      "line": 48,
      "method": null,
      "native": false
    },
    {
      "column": 14,
      "file": "node:internal/modules/cjs/loader",
      "function": "Module._compile",
      "line": 1730,
      "method": "_compile",
      "native": false
    },
    {
      "column": 10,
      "file": "node:internal/modules/cjs/loader",
      "function": "Object..js",
      "line": 1895,
      "method": ".js",
      "native": false
    },
    {
      "column": 32,
      "file": "node:internal/modules/cjs/loader",
      "function": "Module.load",
      "line": 1465,
      "method": "load",
      "native": false
    },
    {
      "column": 12,
      "file": "node:internal/modules/cjs/loader",
      "function": "Function._load",
      "line": 1282,
      "method": "_load",
      "native": false
    },
    {
      "column": 14,
      "file": "node:diagnostics_channel",
      "function": "TracingChannel.traceSync",
      "line": 322,
      "method": "traceSync",
      "native": false
    },
    {
      "column": 24,
      "file": "node:internal/modules/cjs/loader",
      "function": "wrapModuleLoad",
      "line": 235,
      "method": null,
      "native": false
    }
  ]
}
2025-08-06 12:36:39 [[31merror[39m]: uncaughtException: listen EADDRINUSE: address already in use :::8001
Error: listen EADDRINUSE: address already in use :::8001
    at Server.setupListenHandle [as _listen2] (node:net:1939:16)
    at listenInCluster (node:net:1996:12)
    at Server.listen (node:net:2101:7)
    at Object.<anonymous> (C:\Users\Ivan Xavier\CascadeProjects\roulette_go\backend_js\server.js:48:8)
    at Module._compile (node:internal/modules/cjs/loader:1730:14)
    at Object..js (node:internal/modules/cjs/loader:1895:10)
    at Module.load (node:internal/modules/cjs/loader:1465:32)
    at Function._load (node:internal/modules/cjs/loader:1282:12)
    at TracingChannel.traceSync (node:diagnostics_channel:322:14)
    at wrapModuleLoad (node:internal/modules/cjs/loader:235:24)
{
  "error": {
    "code": "EADDRINUSE",
    "errno": -4091,
    "syscall": "listen",
    "address": "::",
    "port": 8001
  },
  "stack": "Error: listen EADDRINUSE: address already in use :::8001\n    at Server.setupListenHandle [as _listen2] (node:net:1939:16)\n    at listenInCluster (node:net:1996:12)\n    at Server.listen (node:net:2101:7)\n    at Object.<anonymous> (C:\\Users\\Ivan Xavier\\CascadeProjects\\roulette_go\\backend_js\\server.js:48:8)\n    at Module._compile (node:internal/modules/cjs/loader:1730:14)\n    at Object..js (node:internal/modules/cjs/loader:1895:10)\n    at Module.load (node:internal/modules/cjs/loader:1465:32)\n    at Function._load (node:internal/modules/cjs/loader:1282:12)\n    at TracingChannel.traceSync (node:diagnostics_channel:322:14)\n    at wrapModuleLoad (node:internal/modules/cjs/loader:235:24)",
  "exception": true,
  "date": "Wed Aug 06 2025 12:36:39 GMT-0300 (Horário Padrão de Brasília)",
  "process": {
    "pid": 18936,
    "uid": null,
    "gid": null,
    "cwd": "C:\\Users\\Ivan Xavier\\CascadeProjects\\roulette_go\\backend_js",
    "execPath": "C:\\Program Files\\nodejs\\node.exe",
    "version": "v22.16.0",
    "argv": [
      "C:\\Program Files\\nodejs\\node.exe",
      "C:\\Users\\Ivan Xavier\\CascadeProjects\\roulette_go\\backend_js\\server.js"
    ],
    "memoryUsage": {
      "rss": 61177856,
      "heapTotal": 20246528,
      "heapUsed": 12596880,
      "external": 2316779,
      "arrayBuffers": 19107
    }
  },
  "os": {
    "loadavg": [
      0,
      0,
      0
    ],
    "uptime": 156132.281
  },
  "trace": [
    {
      "column": 16,
      "file": "node:net",
      "function": "Server.setupListenHandle [as _listen2]",
      "line": 1939,
      "method": "setupListenHandle [as _listen2]",
      "native": false
    },
    {
      "column": 12,
      "file": "node:net",
      "function": "listenInCluster",
      "line": 1996,
      "method": null,
      "native": false
    },
    {
      "column": 7,
      "file": "node:net",
      "function": "Server.listen",
      "line": 2101,
      "method": "listen",
      "native": false
    },
    {
      "column": 8,
      "file": "C:\\Users\\Ivan Xavier\\CascadeProjects\\roulette_go\\backend_js\\server.js",
      "function": null,
      "line": 48,
      "method": null,
      "native": false
    },
    {
      "column": 14,
      "file": "node:internal/modules/cjs/loader",
      "function": "Module._compile",
      "line": 1730,
      "method": "_compile",
      "native": false
    },
    {
      "column": 10,
      "file": "node:internal/modules/cjs/loader",
      "function": "Object..js",
      "line": 1895,
      "method": ".js",
      "native": false
    },
    {
      "column": 32,
      "file": "node:internal/modules/cjs/loader",
      "function": "Module.load",
      "line": 1465,
      "method": "load",
      "native": false
    },
    {
      "column": 12,
      "file": "node:internal/modules/cjs/loader",
      "function": "Function._load",
      "line": 1282,
      "method": "_load",
      "native": false
    },
    {
      "column": 14,
      "file": "node:diagnostics_channel",
      "function": "TracingChannel.traceSync",
      "line": 322,
      "method": "traceSync",
      "native": false
    },
    {
      "column": 24,
      "file": "node:internal/modules/cjs/loader",
      "function": "wrapModuleLoad",
      "line": 235,
      "method": null,
      "native": false
    }
  ]
}
2025-08-06 12:36:39 [[31merror[39m]: uncaughtException: listen EADDRINUSE: address already in use :::8001
Error: listen EADDRINUSE: address already in use :::8001
    at Server.setupListenHandle [as _listen2] (node:net:1939:16)
    at listenInCluster (node:net:1996:12)
    at Server.listen (node:net:2101:7)
    at Object.<anonymous> (C:\Users\Ivan Xavier\CascadeProjects\roulette_go\backend_js\server.js:48:8)
    at Module._compile (node:internal/modules/cjs/loader:1730:14)
    at Object..js (node:internal/modules/cjs/loader:1895:10)
    at Module.load (node:internal/modules/cjs/loader:1465:32)
    at Function._load (node:internal/modules/cjs/loader:1282:12)
    at TracingChannel.traceSync (node:diagnostics_channel:322:14)
    at wrapModuleLoad (node:internal/modules/cjs/loader:235:24)
{
  "error": {
    "code": "EADDRINUSE",
    "errno": -4091,
    "syscall": "listen",
    "address": "::",
    "port": 8001
  },
  "stack": "Error: listen EADDRINUSE: address already in use :::8001\n    at Server.setupListenHandle [as _listen2] (node:net:1939:16)\n    at listenInCluster (node:net:1996:12)\n    at Server.listen (node:net:2101:7)\n    at Object.<anonymous> (C:\\Users\\Ivan Xavier\\CascadeProjects\\roulette_go\\backend_js\\server.js:48:8)\n    at Module._compile (node:internal/modules/cjs/loader:1730:14)\n    at Object..js (node:internal/modules/cjs/loader:1895:10)\n    at Module.load (node:internal/modules/cjs/loader:1465:32)\n    at Function._load (node:internal/modules/cjs/loader:1282:12)\n    at TracingChannel.traceSync (node:diagnostics_channel:322:14)\n    at wrapModuleLoad (node:internal/modules/cjs/loader:235:24)",
  "exception": true,
  "date": "Wed Aug 06 2025 12:36:39 GMT-0300 (Horário Padrão de Brasília)",
  "process": {
    "pid": 26628,
    "uid": null,
    "gid": null,
    "cwd": "C:\\Users\\Ivan Xavier\\CascadeProjects\\roulette_go\\backend_js",
    "execPath": "C:\\Program Files\\nodejs\\node.exe",
    "version": "v22.16.0",
    "argv": [
      "C:\\Program Files\\nodejs\\node.exe",
      "C:\\Users\\Ivan Xavier\\CascadeProjects\\roulette_go\\backend_js\\server.js"
    ],
    "memoryUsage": {
      "rss": 61108224,
      "heapTotal": 20246528,
      "heapUsed": 12568080,
      "external": 2316779,
      "arrayBuffers": 19107
    }
  },
  "os": {
    "loadavg": [
      0,
      0,
      0
    ],
    "uptime": 156132.296
  },
  "trace": [
    {
      "column": 16,
      "file": "node:net",
      "function": "Server.setupListenHandle [as _listen2]",
      "line": 1939,
      "method": "setupListenHandle [as _listen2]",
      "native": false
    },
    {
      "column": 12,
      "file": "node:net",
      "function": "listenInCluster",
      "line": 1996,
      "method": null,
      "native": false
    },
    {
      "column": 7,
      "file": "node:net",
      "function": "Server.listen",
      "line": 2101,
      "method": "listen",
      "native": false
    },
    {
      "column": 8,
      "file": "C:\\Users\\Ivan Xavier\\CascadeProjects\\roulette_go\\backend_js\\server.js",
      "function": null,
      "line": 48,
      "method": null,
      "native": false
    },
    {
      "column": 14,
      "file": "node:internal/modules/cjs/loader",
      "function": "Module._compile",
      "line": 1730,
      "method": "_compile",
      "native": false
    },
    {
      "column": 10,
      "file": "node:internal/modules/cjs/loader",
      "function": "Object..js",
      "line": 1895,
      "method": ".js",
      "native": false
    },
    {
      "column": 32,
      "file": "node:internal/modules/cjs/loader",
      "function": "Module.load",
      "line": 1465,
      "method": "load",
      "native": false
    },
    {
      "column": 12,
      "file": "node:internal/modules/cjs/loader",
      "function": "Function._load",
      "line": 1282,
      "method": "_load",
      "native": false
    },
    {
      "column": 14,
      "file": "node:diagnostics_channel",
      "function": "TracingChannel.traceSync",
      "line": 322,
      "method": "traceSync",
      "native": false
    },
    {
      "column": 24,
      "file": "node:internal/modules/cjs/loader",
      "function": "wrapModuleLoad",
      "line": 235,
      "method": null,
      "native": false
    }
  ]
}
2025-08-06 12:39:50 [[31merror[39m]: uncaughtException: listen EADDRINUSE: address already in use :::8001
Error: listen EADDRINUSE: address already in use :::8001
    at Server.setupListenHandle [as _listen2] (node:net:1939:16)
    at listenInCluster (node:net:1996:12)
    at Server.listen (node:net:2101:7)
    at Object.<anonymous> (C:\Users\Ivan Xavier\CascadeProjects\roulette_go\backend_js\server.js:48:8)
    at Module._compile (node:internal/modules/cjs/loader:1730:14)
    at Object..js (node:internal/modules/cjs/loader:1895:10)
    at Module.load (node:internal/modules/cjs/loader:1465:32)
    at Function._load (node:internal/modules/cjs/loader:1282:12)
    at TracingChannel.traceSync (node:diagnostics_channel:322:14)
    at wrapModuleLoad (node:internal/modules/cjs/loader:235:24)
{
  "error": {
    "code": "EADDRINUSE",
    "errno": -4091,
    "syscall": "listen",
    "address": "::",
    "port": 8001
  },
  "stack": "Error: listen EADDRINUSE: address already in use :::8001\n    at Server.setupListenHandle [as _listen2] (node:net:1939:16)\n    at listenInCluster (node:net:1996:12)\n    at Server.listen (node:net:2101:7)\n    at Object.<anonymous> (C:\\Users\\Ivan Xavier\\CascadeProjects\\roulette_go\\backend_js\\server.js:48:8)\n    at Module._compile (node:internal/modules/cjs/loader:1730:14)\n    at Object..js (node:internal/modules/cjs/loader:1895:10)\n    at Module.load (node:internal/modules/cjs/loader:1465:32)\n    at Function._load (node:internal/modules/cjs/loader:1282:12)\n    at TracingChannel.traceSync (node:diagnostics_channel:322:14)\n    at wrapModuleLoad (node:internal/modules/cjs/loader:235:24)",
  "exception": true,
  "date": "Wed Aug 06 2025 12:39:50 GMT-0300 (Horário Padrão de Brasília)",
  "process": {
    "pid": 13916,
    "uid": null,
    "gid": null,
    "cwd": "C:\\Users\\Ivan Xavier\\CascadeProjects\\roulette_go\\backend_js",
    "execPath": "C:\\Program Files\\nodejs\\node.exe",
    "version": "v22.16.0",
    "argv": [
      "C:\\Program Files\\nodejs\\node.exe",
      "C:\\Users\\Ivan Xavier\\CascadeProjects\\roulette_go\\backend_js\\server.js"
    ],
    "memoryUsage": {
      "rss": 61411328,
      "heapTotal": 20246528,
      "heapUsed": 12549280,
      "external": 2316779,
      "arrayBuffers": 19107
    }
  },
  "os": {
    "loadavg": [
      0,
      0,
      0
    ],
    "uptime": 156323.828
  },
  "trace": [
    {
      "column": 16,
      "file": "node:net",
      "function": "Server.setupListenHandle [as _listen2]",
      "line": 1939,
      "method": "setupListenHandle [as _listen2]",
      "native": false
    },
    {
      "column": 12,
      "file": "node:net",
      "function": "listenInCluster",
      "line": 1996,
      "method": null,
      "native": false
    },
    {
      "column": 7,
      "file": "node:net",
      "function": "Server.listen",
      "line": 2101,
      "method": "listen",
      "native": false
    },
    {
      "column": 8,
      "file": "C:\\Users\\Ivan Xavier\\CascadeProjects\\roulette_go\\backend_js\\server.js",
      "function": null,
      "line": 48,
      "method": null,
      "native": false
    },
    {
      "column": 14,
      "file": "node:internal/modules/cjs/loader",
      "function": "Module._compile",
      "line": 1730,
      "method": "_compile",
      "native": false
    },
    {
      "column": 10,
      "file": "node:internal/modules/cjs/loader",
      "function": "Object..js",
      "line": 1895,
      "method": ".js",
      "native": false
    },
    {
      "column": 32,
      "file": "node:internal/modules/cjs/loader",
      "function": "Module.load",
      "line": 1465,
      "method": "load",
      "native": false
    },
    {
      "column": 12,
      "file": "node:internal/modules/cjs/loader",
      "function": "Function._load",
      "line": 1282,
      "method": "_load",
      "native": false
    },
    {
      "column": 14,
      "file": "node:diagnostics_channel",
      "function": "TracingChannel.traceSync",
      "line": 322,
      "method": "traceSync",
      "native": false
    },
    {
      "column": 24,
      "file": "node:internal/modules/cjs/loader",
      "function": "wrapModuleLoad",
      "line": 235,
      "method": null,
      "native": false
    }
  ]
}
2025-08-06 12:39:50 [[31merror[39m]: uncaughtException: listen EADDRINUSE: address already in use :::8001
Error: listen EADDRINUSE: address already in use :::8001
    at Server.setupListenHandle [as _listen2] (node:net:1939:16)
    at listenInCluster (node:net:1996:12)
    at Server.listen (node:net:2101:7)
    at Object.<anonymous> (C:\Users\Ivan Xavier\CascadeProjects\roulette_go\backend_js\server.js:48:8)
    at Module._compile (node:internal/modules/cjs/loader:1730:14)
    at Object..js (node:internal/modules/cjs/loader:1895:10)
    at Module.load (node:internal/modules/cjs/loader:1465:32)
    at Function._load (node:internal/modules/cjs/loader:1282:12)
    at TracingChannel.traceSync (node:diagnostics_channel:322:14)
    at wrapModuleLoad (node:internal/modules/cjs/loader:235:24)
{
  "error": {
    "code": "EADDRINUSE",
    "errno": -4091,
    "syscall": "listen",
    "address": "::",
    "port": 8001
  },
  "stack": "Error: listen EADDRINUSE: address already in use :::8001\n    at Server.setupListenHandle [as _listen2] (node:net:1939:16)\n    at listenInCluster (node:net:1996:12)\n    at Server.listen (node:net:2101:7)\n    at Object.<anonymous> (C:\\Users\\Ivan Xavier\\CascadeProjects\\roulette_go\\backend_js\\server.js:48:8)\n    at Module._compile (node:internal/modules/cjs/loader:1730:14)\n    at Object..js (node:internal/modules/cjs/loader:1895:10)\n    at Module.load (node:internal/modules/cjs/loader:1465:32)\n    at Function._load (node:internal/modules/cjs/loader:1282:12)\n    at TracingChannel.traceSync (node:diagnostics_channel:322:14)\n    at wrapModuleLoad (node:internal/modules/cjs/loader:235:24)",
  "exception": true,
  "date": "Wed Aug 06 2025 12:39:50 GMT-0300 (Horário Padrão de Brasília)",
  "process": {
    "pid": 27616,
    "uid": null,
    "gid": null,
    "cwd": "C:\\Users\\Ivan Xavier\\CascadeProjects\\roulette_go\\backend_js",
    "execPath": "C:\\Program Files\\nodejs\\node.exe",
    "version": "v22.16.0",
    "argv": [
      "C:\\Program Files\\nodejs\\node.exe",
      "C:\\Users\\Ivan Xavier\\CascadeProjects\\roulette_go\\backend_js\\server.js"
    ],
    "memoryUsage": {
      "rss": 61104128,
      "heapTotal": 20246528,
      "heapUsed": 12548032,
      "external": 2316779,
      "arrayBuffers": 19107
    }
  },
  "os": {
    "loadavg": [
      0,
      0,
      0
    ],
    "uptime": 156323.828
  },
  "trace": [
    {
      "column": 16,
      "file": "node:net",
      "function": "Server.setupListenHandle [as _listen2]",
      "line": 1939,
      "method": "setupListenHandle [as _listen2]",
      "native": false
    },
    {
      "column": 12,
      "file": "node:net",
      "function": "listenInCluster",
      "line": 1996,
      "method": null,
      "native": false
    },
    {
      "column": 7,
      "file": "node:net",
      "function": "Server.listen",
      "line": 2101,
      "method": "listen",
      "native": false
    },
    {
      "column": 8,
      "file": "C:\\Users\\Ivan Xavier\\CascadeProjects\\roulette_go\\backend_js\\server.js",
      "function": null,
      "line": 48,
      "method": null,
      "native": false
    },
    {
      "column": 14,
      "file": "node:internal/modules/cjs/loader",
      "function": "Module._compile",
      "line": 1730,
      "method": "_compile",
      "native": false
    },
    {
      "column": 10,
      "file": "node:internal/modules/cjs/loader",
      "function": "Object..js",
      "line": 1895,
      "method": ".js",
      "native": false
    },
    {
      "column": 32,
      "file": "node:internal/modules/cjs/loader",
      "function": "Module.load",
      "line": 1465,
      "method": "load",
      "native": false
    },
    {
      "column": 12,
      "file": "node:internal/modules/cjs/loader",
      "function": "Function._load",
      "line": 1282,
      "method": "_load",
      "native": false
    },
    {
      "column": 14,
      "file": "node:diagnostics_channel",
      "function": "TracingChannel.traceSync",
      "line": 322,
      "method": "traceSync",
      "native": false
    },
    {
      "column": 24,
      "file": "node:internal/modules/cjs/loader",
      "function": "wrapModuleLoad",
      "line": 235,
      "method": null,
      "native": false
    }
  ]
}
2025-08-06 12:39:50 [[31merror[39m]: uncaughtException: listen EADDRINUSE: address already in use :::8001
Error: listen EADDRINUSE: address already in use :::8001
    at Server.setupListenHandle [as _listen2] (node:net:1939:16)
    at listenInCluster (node:net:1996:12)
    at Server.listen (node:net:2101:7)
    at Object.<anonymous> (C:\Users\Ivan Xavier\CascadeProjects\roulette_go\backend_js\server.js:48:8)
    at Module._compile (node:internal/modules/cjs/loader:1730:14)
    at Object..js (node:internal/modules/cjs/loader:1895:10)
    at Module.load (node:internal/modules/cjs/loader:1465:32)
    at Function._load (node:internal/modules/cjs/loader:1282:12)
    at TracingChannel.traceSync (node:diagnostics_channel:322:14)
    at wrapModuleLoad (node:internal/modules/cjs/loader:235:24)
{
  "error": {
    "code": "EADDRINUSE",
    "errno": -4091,
    "syscall": "listen",
    "address": "::",
    "port": 8001
  },
  "stack": "Error: listen EADDRINUSE: address already in use :::8001\n    at Server.setupListenHandle [as _listen2] (node:net:1939:16)\n    at listenInCluster (node:net:1996:12)\n    at Server.listen (node:net:2101:7)\n    at Object.<anonymous> (C:\\Users\\Ivan Xavier\\CascadeProjects\\roulette_go\\backend_js\\server.js:48:8)\n    at Module._compile (node:internal/modules/cjs/loader:1730:14)\n    at Object..js (node:internal/modules/cjs/loader:1895:10)\n    at Module.load (node:internal/modules/cjs/loader:1465:32)\n    at Function._load (node:internal/modules/cjs/loader:1282:12)\n    at TracingChannel.traceSync (node:diagnostics_channel:322:14)\n    at wrapModuleLoad (node:internal/modules/cjs/loader:235:24)",
  "exception": true,
  "date": "Wed Aug 06 2025 12:39:50 GMT-0300 (Horário Padrão de Brasília)",
  "process": {
    "pid": 9228,
    "uid": null,
    "gid": null,
    "cwd": "C:\\Users\\Ivan Xavier\\CascadeProjects\\roulette_go\\backend_js",
    "execPath": "C:\\Program Files\\nodejs\\node.exe",
    "version": "v22.16.0",
    "argv": [
      "C:\\Program Files\\nodejs\\node.exe",
      "C:\\Users\\Ivan Xavier\\CascadeProjects\\roulette_go\\backend_js\\server.js"
    ],
    "memoryUsage": {
      "rss": 61353984,
      "heapTotal": 20246528,
      "heapUsed": 12600288,
      "external": 2316779,
      "arrayBuffers": 19107
    }
  },
  "os": {
    "loadavg": [
      0,
      0,
      0
    ],
    "uptime": 156323.828
  },
  "trace": [
    {
      "column": 16,
      "file": "node:net",
      "function": "Server.setupListenHandle [as _listen2]",
      "line": 1939,
      "method": "setupListenHandle [as _listen2]",
      "native": false
    },
    {
      "column": 12,
      "file": "node:net",
      "function": "listenInCluster",
      "line": 1996,
      "method": null,
      "native": false
    },
    {
      "column": 7,
      "file": "node:net",
      "function": "Server.listen",
      "line": 2101,
      "method": "listen",
      "native": false
    },
    {
      "column": 8,
      "file": "C:\\Users\\Ivan Xavier\\CascadeProjects\\roulette_go\\backend_js\\server.js",
      "function": null,
      "line": 48,
      "method": null,
      "native": false
    },
    {
      "column": 14,
      "file": "node:internal/modules/cjs/loader",
      "function": "Module._compile",
      "line": 1730,
      "method": "_compile",
      "native": false
    },
    {
      "column": 10,
      "file": "node:internal/modules/cjs/loader",
      "function": "Object..js",
      "line": 1895,
      "method": ".js",
      "native": false
    },
    {
      "column": 32,
      "file": "node:internal/modules/cjs/loader",
      "function": "Module.load",
      "line": 1465,
      "method": "load",
      "native": false
    },
    {
      "column": 12,
      "file": "node:internal/modules/cjs/loader",
      "function": "Function._load",
      "line": 1282,
      "method": "_load",
      "native": false
    },
    {
      "column": 14,
      "file": "node:diagnostics_channel",
      "function": "TracingChannel.traceSync",
      "line": 322,
      "method": "traceSync",
      "native": false
    },
    {
      "column": 24,
      "file": "node:internal/modules/cjs/loader",
      "function": "wrapModuleLoad",
      "line": 235,
      "method": null,
      "native": false
    }
  ]
}
2025-08-06 12:40:55 [[31merror[39m]: uncaughtException: listen EADDRINUSE: address already in use :::8001
Error: listen EADDRINUSE: address already in use :::8001
    at Server.setupListenHandle [as _listen2] (node:net:1939:16)
    at listenInCluster (node:net:1996:12)
    at Server.listen (node:net:2101:7)
    at Object.<anonymous> (C:\Users\Ivan Xavier\CascadeProjects\roulette_go\backend_js\server.js:48:8)
    at Module._compile (node:internal/modules/cjs/loader:1730:14)
    at Object..js (node:internal/modules/cjs/loader:1895:10)
    at Module.load (node:internal/modules/cjs/loader:1465:32)
    at Function._load (node:internal/modules/cjs/loader:1282:12)
    at TracingChannel.traceSync (node:diagnostics_channel:322:14)
    at wrapModuleLoad (node:internal/modules/cjs/loader:235:24)
{
  "error": {
    "code": "EADDRINUSE",
    "errno": -4091,
    "syscall": "listen",
    "address": "::",
    "port": 8001
  },
  "stack": "Error: listen EADDRINUSE: address already in use :::8001\n    at Server.setupListenHandle [as _listen2] (node:net:1939:16)\n    at listenInCluster (node:net:1996:12)\n    at Server.listen (node:net:2101:7)\n    at Object.<anonymous> (C:\\Users\\Ivan Xavier\\CascadeProjects\\roulette_go\\backend_js\\server.js:48:8)\n    at Module._compile (node:internal/modules/cjs/loader:1730:14)\n    at Object..js (node:internal/modules/cjs/loader:1895:10)\n    at Module.load (node:internal/modules/cjs/loader:1465:32)\n    at Function._load (node:internal/modules/cjs/loader:1282:12)\n    at TracingChannel.traceSync (node:diagnostics_channel:322:14)\n    at wrapModuleLoad (node:internal/modules/cjs/loader:235:24)",
  "exception": true,
  "date": "Wed Aug 06 2025 12:40:55 GMT-0300 (Horário Padrão de Brasília)",
  "process": {
    "pid": 20880,
    "uid": null,
    "gid": null,
    "cwd": "C:\\Users\\Ivan Xavier\\CascadeProjects\\roulette_go\\backend_js",
    "execPath": "C:\\Program Files\\nodejs\\node.exe",
    "version": "v22.16.0",
    "argv": [
      "C:\\Program Files\\nodejs\\node.exe",
      "C:\\Users\\Ivan Xavier\\CascadeProjects\\roulette_go\\backend_js\\server.js"
    ],
    "memoryUsage": {
      "rss": 61186048,
      "heapTotal": 20508672,
      "heapUsed": 12472656,
      "external": 2316779,
      "arrayBuffers": 19107
    }
  },
  "os": {
    "loadavg": [
      0,
      0,
      0
    ],
    "uptime": 156388.296
  },
  "trace": [
    {
      "column": 16,
      "file": "node:net",
      "function": "Server.setupListenHandle [as _listen2]",
      "line": 1939,
      "method": "setupListenHandle [as _listen2]",
      "native": false
    },
    {
      "column": 12,
      "file": "node:net",
      "function": "listenInCluster",
      "line": 1996,
      "method": null,
      "native": false
    },
    {
      "column": 7,
      "file": "node:net",
      "function": "Server.listen",
      "line": 2101,
      "method": "listen",
      "native": false
    },
    {
      "column": 8,
      "file": "C:\\Users\\Ivan Xavier\\CascadeProjects\\roulette_go\\backend_js\\server.js",
      "function": null,
      "line": 48,
      "method": null,
      "native": false
    },
    {
      "column": 14,
      "file": "node:internal/modules/cjs/loader",
      "function": "Module._compile",
      "line": 1730,
      "method": "_compile",
      "native": false
    },
    {
      "column": 10,
      "file": "node:internal/modules/cjs/loader",
      "function": "Object..js",
      "line": 1895,
      "method": ".js",
      "native": false
    },
    {
      "column": 32,
      "file": "node:internal/modules/cjs/loader",
      "function": "Module.load",
      "line": 1465,
      "method": "load",
      "native": false
    },
    {
      "column": 12,
      "file": "node:internal/modules/cjs/loader",
      "function": "Function._load",
      "line": 1282,
      "method": "_load",
      "native": false
    },
    {
      "column": 14,
      "file": "node:diagnostics_channel",
      "function": "TracingChannel.traceSync",
      "line": 322,
      "method": "traceSync",
      "native": false
    },
    {
      "column": 24,
      "file": "node:internal/modules/cjs/loader",
      "function": "wrapModuleLoad",
      "line": 235,
      "method": null,
      "native": false
    }
  ]
}
2025-08-06 12:40:55 [[31merror[39m]: uncaughtException: listen EADDRINUSE: address already in use :::8001
Error: listen EADDRINUSE: address already in use :::8001
    at Server.setupListenHandle [as _listen2] (node:net:1939:16)
    at listenInCluster (node:net:1996:12)
    at Server.listen (node:net:2101:7)
    at Object.<anonymous> (C:\Users\Ivan Xavier\CascadeProjects\roulette_go\backend_js\server.js:48:8)
    at Module._compile (node:internal/modules/cjs/loader:1730:14)
    at Object..js (node:internal/modules/cjs/loader:1895:10)
    at Module.load (node:internal/modules/cjs/loader:1465:32)
    at Function._load (node:internal/modules/cjs/loader:1282:12)
    at TracingChannel.traceSync (node:diagnostics_channel:322:14)
    at wrapModuleLoad (node:internal/modules/cjs/loader:235:24)
{
  "error": {
    "code": "EADDRINUSE",
    "errno": -4091,
    "syscall": "listen",
    "address": "::",
    "port": 8001
  },
  "stack": "Error: listen EADDRINUSE: address already in use :::8001\n    at Server.setupListenHandle [as _listen2] (node:net:1939:16)\n    at listenInCluster (node:net:1996:12)\n    at Server.listen (node:net:2101:7)\n    at Object.<anonymous> (C:\\Users\\Ivan Xavier\\CascadeProjects\\roulette_go\\backend_js\\server.js:48:8)\n    at Module._compile (node:internal/modules/cjs/loader:1730:14)\n    at Object..js (node:internal/modules/cjs/loader:1895:10)\n    at Module.load (node:internal/modules/cjs/loader:1465:32)\n    at Function._load (node:internal/modules/cjs/loader:1282:12)\n    at TracingChannel.traceSync (node:diagnostics_channel:322:14)\n    at wrapModuleLoad (node:internal/modules/cjs/loader:235:24)",
  "exception": true,
  "date": "Wed Aug 06 2025 12:40:55 GMT-0300 (Horário Padrão de Brasília)",
  "process": {
    "pid": 460,
    "uid": null,
    "gid": null,
    "cwd": "C:\\Users\\Ivan Xavier\\CascadeProjects\\roulette_go\\backend_js",
    "execPath": "C:\\Program Files\\nodejs\\node.exe",
    "version": "v22.16.0",
    "argv": [
      "C:\\Program Files\\nodejs\\node.exe",
      "C:\\Users\\Ivan Xavier\\CascadeProjects\\roulette_go\\backend_js\\server.js"
    ],
    "memoryUsage": {
      "rss": 61366272,
      "heapTotal": 20508672,
      "heapUsed": 12579800,
      "external": 2316779,
      "arrayBuffers": 19107
    }
  },
  "os": {
    "loadavg": [
      0,
      0,
      0
    ],
    "uptime": 156388.296
  },
  "trace": [
    {
      "column": 16,
      "file": "node:net",
      "function": "Server.setupListenHandle [as _listen2]",
      "line": 1939,
      "method": "setupListenHandle [as _listen2]",
      "native": false
    },
    {
      "column": 12,
      "file": "node:net",
      "function": "listenInCluster",
      "line": 1996,
      "method": null,
      "native": false
    },
    {
      "column": 7,
      "file": "node:net",
      "function": "Server.listen",
      "line": 2101,
      "method": "listen",
      "native": false
    },
    {
      "column": 8,
      "file": "C:\\Users\\Ivan Xavier\\CascadeProjects\\roulette_go\\backend_js\\server.js",
      "function": null,
      "line": 48,
      "method": null,
      "native": false
    },
    {
      "column": 14,
      "file": "node:internal/modules/cjs/loader",
      "function": "Module._compile",
      "line": 1730,
      "method": "_compile",
      "native": false
    },
    {
      "column": 10,
      "file": "node:internal/modules/cjs/loader",
      "function": "Object..js",
      "line": 1895,
      "method": ".js",
      "native": false
    },
    {
      "column": 32,
      "file": "node:internal/modules/cjs/loader",
      "function": "Module.load",
      "line": 1465,
      "method": "load",
      "native": false
    },
    {
      "column": 12,
      "file": "node:internal/modules/cjs/loader",
      "function": "Function._load",
      "line": 1282,
      "method": "_load",
      "native": false
    },
    {
      "column": 14,
      "file": "node:diagnostics_channel",
      "function": "TracingChannel.traceSync",
      "line": 322,
      "method": "traceSync",
      "native": false
    },
    {
      "column": 24,
      "file": "node:internal/modules/cjs/loader",
      "function": "wrapModuleLoad",
      "line": 235,
      "method": null,
      "native": false
    }
  ]
}
2025-08-06 12:40:55 [[31merror[39m]: uncaughtException: listen EADDRINUSE: address already in use :::8001
Error: listen EADDRINUSE: address already in use :::8001
    at Server.setupListenHandle [as _listen2] (node:net:1939:16)
    at listenInCluster (node:net:1996:12)
    at Server.listen (node:net:2101:7)
    at Object.<anonymous> (C:\Users\Ivan Xavier\CascadeProjects\roulette_go\backend_js\server.js:48:8)
    at Module._compile (node:internal/modules/cjs/loader:1730:14)
    at Object..js (node:internal/modules/cjs/loader:1895:10)
    at Module.load (node:internal/modules/cjs/loader:1465:32)
    at Function._load (node:internal/modules/cjs/loader:1282:12)
    at TracingChannel.traceSync (node:diagnostics_channel:322:14)
    at wrapModuleLoad (node:internal/modules/cjs/loader:235:24)
{
  "error": {
    "code": "EADDRINUSE",
    "errno": -4091,
    "syscall": "listen",
    "address": "::",
    "port": 8001
  },
  "stack": "Error: listen EADDRINUSE: address already in use :::8001\n    at Server.setupListenHandle [as _listen2] (node:net:1939:16)\n    at listenInCluster (node:net:1996:12)\n    at Server.listen (node:net:2101:7)\n    at Object.<anonymous> (C:\\Users\\Ivan Xavier\\CascadeProjects\\roulette_go\\backend_js\\server.js:48:8)\n    at Module._compile (node:internal/modules/cjs/loader:1730:14)\n    at Object..js (node:internal/modules/cjs/loader:1895:10)\n    at Module.load (node:internal/modules/cjs/loader:1465:32)\n    at Function._load (node:internal/modules/cjs/loader:1282:12)\n    at TracingChannel.traceSync (node:diagnostics_channel:322:14)\n    at wrapModuleLoad (node:internal/modules/cjs/loader:235:24)",
  "exception": true,
  "date": "Wed Aug 06 2025 12:40:55 GMT-0300 (Horário Padrão de Brasília)",
  "process": {
    "pid": 27920,
    "uid": null,
    "gid": null,
    "cwd": "C:\\Users\\Ivan Xavier\\CascadeProjects\\roulette_go\\backend_js",
    "execPath": "C:\\Program Files\\nodejs\\node.exe",
    "version": "v22.16.0",
    "argv": [
      "C:\\Program Files\\nodejs\\node.exe",
      "C:\\Users\\Ivan Xavier\\CascadeProjects\\roulette_go\\backend_js\\server.js"
    ],
    "memoryUsage": {
      "rss": 61321216,
      "heapTotal": 20508672,
      "heapUsed": 12605232,
      "external": 2316779,
      "arrayBuffers": 19107
    }
  },
  "os": {
    "loadavg": [
      0,
      0,
      0
    ],
    "uptime": 156388.515
  },
  "trace": [
    {
      "column": 16,
      "file": "node:net",
      "function": "Server.setupListenHandle [as _listen2]",
      "line": 1939,
      "method": "setupListenHandle [as _listen2]",
      "native": false
    },
    {
      "column": 12,
      "file": "node:net",
      "function": "listenInCluster",
      "line": 1996,
      "method": null,
      "native": false
    },
    {
      "column": 7,
      "file": "node:net",
      "function": "Server.listen",
      "line": 2101,
      "method": "listen",
      "native": false
    },
    {
      "column": 8,
      "file": "C:\\Users\\Ivan Xavier\\CascadeProjects\\roulette_go\\backend_js\\server.js",
      "function": null,
      "line": 48,
      "method": null,
      "native": false
    },
    {
      "column": 14,
      "file": "node:internal/modules/cjs/loader",
      "function": "Module._compile",
      "line": 1730,
      "method": "_compile",
      "native": false
    },
    {
      "column": 10,
      "file": "node:internal/modules/cjs/loader",
      "function": "Object..js",
      "line": 1895,
      "method": ".js",
      "native": false
    },
    {
      "column": 32,
      "file": "node:internal/modules/cjs/loader",
      "function": "Module.load",
      "line": 1465,
      "method": "load",
      "native": false
    },
    {
      "column": 12,
      "file": "node:internal/modules/cjs/loader",
      "function": "Function._load",
      "line": 1282,
      "method": "_load",
      "native": false
    },
    {
      "column": 14,
      "file": "node:diagnostics_channel",
      "function": "TracingChannel.traceSync",
      "line": 322,
      "method": "traceSync",
      "native": false
    },
    {
      "column": 24,
      "file": "node:internal/modules/cjs/loader",
      "function": "wrapModuleLoad",
      "line": 235,
      "method": null,
      "native": false
    }
  ]
}
2025-08-06 12:41:09 [[31merror[39m]: uncaughtException: listen EADDRINUSE: address already in use :::8001
Error: listen EADDRINUSE: address already in use :::8001
    at Server.setupListenHandle [as _listen2] (node:net:1939:16)
    at listenInCluster (node:net:1996:12)
    at Server.listen (node:net:2101:7)
    at Object.<anonymous> (C:\Users\Ivan Xavier\CascadeProjects\roulette_go\backend_js\server.js:48:8)
    at Module._compile (node:internal/modules/cjs/loader:1730:14)
    at Object..js (node:internal/modules/cjs/loader:1895:10)
    at Module.load (node:internal/modules/cjs/loader:1465:32)
    at Function._load (node:internal/modules/cjs/loader:1282:12)
    at TracingChannel.traceSync (node:diagnostics_channel:322:14)
    at wrapModuleLoad (node:internal/modules/cjs/loader:235:24)
{
  "error": {
    "code": "EADDRINUSE",
    "errno": -4091,
    "syscall": "listen",
    "address": "::",
    "port": 8001
  },
  "stack": "Error: listen EADDRINUSE: address already in use :::8001\n    at Server.setupListenHandle [as _listen2] (node:net:1939:16)\n    at listenInCluster (node:net:1996:12)\n    at Server.listen (node:net:2101:7)\n    at Object.<anonymous> (C:\\Users\\Ivan Xavier\\CascadeProjects\\roulette_go\\backend_js\\server.js:48:8)\n    at Module._compile (node:internal/modules/cjs/loader:1730:14)\n    at Object..js (node:internal/modules/cjs/loader:1895:10)\n    at Module.load (node:internal/modules/cjs/loader:1465:32)\n    at Function._load (node:internal/modules/cjs/loader:1282:12)\n    at TracingChannel.traceSync (node:diagnostics_channel:322:14)\n    at wrapModuleLoad (node:internal/modules/cjs/loader:235:24)",
  "exception": true,
  "date": "Wed Aug 06 2025 12:41:09 GMT-0300 (Horário Padrão de Brasília)",
  "process": {
    "pid": 29452,
    "uid": null,
    "gid": null,
    "cwd": "C:\\Users\\Ivan Xavier\\CascadeProjects\\roulette_go\\backend_js",
    "execPath": "C:\\Program Files\\nodejs\\node.exe",
    "version": "v22.16.0",
    "argv": [
      "C:\\Program Files\\nodejs\\node.exe",
      "C:\\Users\\Ivan Xavier\\CascadeProjects\\roulette_go\\backend_js\\server.js"
    ],
    "memoryUsage": {
      "rss": 61181952,
      "heapTotal": 20246528,
      "heapUsed": 12675576,
      "external": 2316779,
      "arrayBuffers": 19107
    }
  },
  "os": {
    "loadavg": [
      0,
      0,
      0
    ],
    "uptime": 156402.718
  },
  "trace": [
    {
      "column": 16,
      "file": "node:net",
      "function": "Server.setupListenHandle [as _listen2]",
      "line": 1939,
      "method": "setupListenHandle [as _listen2]",
      "native": false
    },
    {
      "column": 12,
      "file": "node:net",
      "function": "listenInCluster",
      "line": 1996,
      "method": null,
      "native": false
    },
    {
      "column": 7,
      "file": "node:net",
      "function": "Server.listen",
      "line": 2101,
      "method": "listen",
      "native": false
    },
    {
      "column": 8,
      "file": "C:\\Users\\Ivan Xavier\\CascadeProjects\\roulette_go\\backend_js\\server.js",
      "function": null,
      "line": 48,
      "method": null,
      "native": false
    },
    {
      "column": 14,
      "file": "node:internal/modules/cjs/loader",
      "function": "Module._compile",
      "line": 1730,
      "method": "_compile",
      "native": false
    },
    {
      "column": 10,
      "file": "node:internal/modules/cjs/loader",
      "function": "Object..js",
      "line": 1895,
      "method": ".js",
      "native": false
    },
    {
      "column": 32,
      "file": "node:internal/modules/cjs/loader",
      "function": "Module.load",
      "line": 1465,
      "method": "load",
      "native": false
    },
    {
      "column": 12,
      "file": "node:internal/modules/cjs/loader",
      "function": "Function._load",
      "line": 1282,
      "method": "_load",
      "native": false
    },
    {
      "column": 14,
      "file": "node:diagnostics_channel",
      "function": "TracingChannel.traceSync",
      "line": 322,
      "method": "traceSync",
      "native": false
    },
    {
      "column": 24,
      "file": "node:internal/modules/cjs/loader",
      "function": "wrapModuleLoad",
      "line": 235,
      "method": null,
      "native": false
    }
  ]
}
2025-08-06 12:41:09 [[31merror[39m]: uncaughtException: listen EADDRINUSE: address already in use :::8001
Error: listen EADDRINUSE: address already in use :::8001
    at Server.setupListenHandle [as _listen2] (node:net:1939:16)
    at listenInCluster (node:net:1996:12)
    at Server.listen (node:net:2101:7)
    at Object.<anonymous> (C:\Users\Ivan Xavier\CascadeProjects\roulette_go\backend_js\server.js:48:8)
    at Module._compile (node:internal/modules/cjs/loader:1730:14)
    at Object..js (node:internal/modules/cjs/loader:1895:10)
    at Module.load (node:internal/modules/cjs/loader:1465:32)
    at Function._load (node:internal/modules/cjs/loader:1282:12)
    at TracingChannel.traceSync (node:diagnostics_channel:322:14)
    at wrapModuleLoad (node:internal/modules/cjs/loader:235:24)
{
  "error": {
    "code": "EADDRINUSE",
    "errno": -4091,
    "syscall": "listen",
    "address": "::",
    "port": 8001
  },
  "stack": "Error: listen EADDRINUSE: address already in use :::8001\n    at Server.setupListenHandle [as _listen2] (node:net:1939:16)\n    at listenInCluster (node:net:1996:12)\n    at Server.listen (node:net:2101:7)\n    at Object.<anonymous> (C:\\Users\\Ivan Xavier\\CascadeProjects\\roulette_go\\backend_js\\server.js:48:8)\n    at Module._compile (node:internal/modules/cjs/loader:1730:14)\n    at Object..js (node:internal/modules/cjs/loader:1895:10)\n    at Module.load (node:internal/modules/cjs/loader:1465:32)\n    at Function._load (node:internal/modules/cjs/loader:1282:12)\n    at TracingChannel.traceSync (node:diagnostics_channel:322:14)\n    at wrapModuleLoad (node:internal/modules/cjs/loader:235:24)",
  "exception": true,
  "date": "Wed Aug 06 2025 12:41:09 GMT-0300 (Horário Padrão de Brasília)",
  "process": {
    "pid": 5140,
    "uid": null,
    "gid": null,
    "cwd": "C:\\Users\\Ivan Xavier\\CascadeProjects\\roulette_go\\backend_js",
    "execPath": "C:\\Program Files\\nodejs\\node.exe",
    "version": "v22.16.0",
    "argv": [
      "C:\\Program Files\\nodejs\\node.exe",
      "C:\\Users\\Ivan Xavier\\CascadeProjects\\roulette_go\\backend_js\\server.js"
    ],
    "memoryUsage": {
      "rss": 61284352,
      "heapTotal": 20508672,
      "heapUsed": 12745632,
      "external": 2316779,
      "arrayBuffers": 19107
    }
  },
  "os": {
    "loadavg": [
      0,
      0,
      0
    ],
    "uptime": 156402.734
  },
  "trace": [
    {
      "column": 16,
      "file": "node:net",
      "function": "Server.setupListenHandle [as _listen2]",
      "line": 1939,
      "method": "setupListenHandle [as _listen2]",
      "native": false
    },
    {
      "column": 12,
      "file": "node:net",
      "function": "listenInCluster",
      "line": 1996,
      "method": null,
      "native": false
    },
    {
      "column": 7,
      "file": "node:net",
      "function": "Server.listen",
      "line": 2101,
      "method": "listen",
      "native": false
    },
    {
      "column": 8,
      "file": "C:\\Users\\Ivan Xavier\\CascadeProjects\\roulette_go\\backend_js\\server.js",
      "function": null,
      "line": 48,
      "method": null,
      "native": false
    },
    {
      "column": 14,
      "file": "node:internal/modules/cjs/loader",
      "function": "Module._compile",
      "line": 1730,
      "method": "_compile",
      "native": false
    },
    {
      "column": 10,
      "file": "node:internal/modules/cjs/loader",
      "function": "Object..js",
      "line": 1895,
      "method": ".js",
      "native": false
    },
    {
      "column": 32,
      "file": "node:internal/modules/cjs/loader",
      "function": "Module.load",
      "line": 1465,
      "method": "load",
      "native": false
    },
    {
      "column": 12,
      "file": "node:internal/modules/cjs/loader",
      "function": "Function._load",
      "line": 1282,
      "method": "_load",
      "native": false
    },
    {
      "column": 14,
      "file": "node:diagnostics_channel",
      "function": "TracingChannel.traceSync",
      "line": 322,
      "method": "traceSync",
      "native": false
    },
    {
      "column": 24,
      "file": "node:internal/modules/cjs/loader",
      "function": "wrapModuleLoad",
      "line": 235,
      "method": null,
      "native": false
    }
  ]
}
2025-08-06 12:41:09 [[31merror[39m]: uncaughtException: listen EADDRINUSE: address already in use :::8001
Error: listen EADDRINUSE: address already in use :::8001
    at Server.setupListenHandle [as _listen2] (node:net:1939:16)
    at listenInCluster (node:net:1996:12)
    at Server.listen (node:net:2101:7)
    at Object.<anonymous> (C:\Users\Ivan Xavier\CascadeProjects\roulette_go\backend_js\server.js:48:8)
    at Module._compile (node:internal/modules/cjs/loader:1730:14)
    at Object..js (node:internal/modules/cjs/loader:1895:10)
    at Module.load (node:internal/modules/cjs/loader:1465:32)
    at Function._load (node:internal/modules/cjs/loader:1282:12)
    at TracingChannel.traceSync (node:diagnostics_channel:322:14)
    at wrapModuleLoad (node:internal/modules/cjs/loader:235:24)
{
  "error": {
    "code": "EADDRINUSE",
    "errno": -4091,
    "syscall": "listen",
    "address": "::",
    "port": 8001
  },
  "stack": "Error: listen EADDRINUSE: address already in use :::8001\n    at Server.setupListenHandle [as _listen2] (node:net:1939:16)\n    at listenInCluster (node:net:1996:12)\n    at Server.listen (node:net:2101:7)\n    at Object.<anonymous> (C:\\Users\\Ivan Xavier\\CascadeProjects\\roulette_go\\backend_js\\server.js:48:8)\n    at Module._compile (node:internal/modules/cjs/loader:1730:14)\n    at Object..js (node:internal/modules/cjs/loader:1895:10)\n    at Module.load (node:internal/modules/cjs/loader:1465:32)\n    at Function._load (node:internal/modules/cjs/loader:1282:12)\n    at TracingChannel.traceSync (node:diagnostics_channel:322:14)\n    at wrapModuleLoad (node:internal/modules/cjs/loader:235:24)",
  "exception": true,
  "date": "Wed Aug 06 2025 12:41:09 GMT-0300 (Horário Padrão de Brasília)",
  "process": {
    "pid": 30420,
    "uid": null,
    "gid": null,
    "cwd": "C:\\Users\\Ivan Xavier\\CascadeProjects\\roulette_go\\backend_js",
    "execPath": "C:\\Program Files\\nodejs\\node.exe",
    "version": "v22.16.0",
    "argv": [
      "C:\\Program Files\\nodejs\\node.exe",
      "C:\\Users\\Ivan Xavier\\CascadeProjects\\roulette_go\\backend_js\\server.js"
    ],
    "memoryUsage": {
      "rss": 61378560,
      "heapTotal": 20246528,
      "heapUsed": 12589984,
      "external": 2316779,
      "arrayBuffers": 19107
    }
  },
  "os": {
    "loadavg": [
      0,
      0,
      0
    ],
    "uptime": 156402.968
  },
  "trace": [
    {
      "column": 16,
      "file": "node:net",
      "function": "Server.setupListenHandle [as _listen2]",
      "line": 1939,
      "method": "setupListenHandle [as _listen2]",
      "native": false
    },
    {
      "column": 12,
      "file": "node:net",
      "function": "listenInCluster",
      "line": 1996,
      "method": null,
      "native": false
    },
    {
      "column": 7,
      "file": "node:net",
      "function": "Server.listen",
      "line": 2101,
      "method": "listen",
      "native": false
    },
    {
      "column": 8,
      "file": "C:\\Users\\Ivan Xavier\\CascadeProjects\\roulette_go\\backend_js\\server.js",
      "function": null,
      "line": 48,
      "method": null,
      "native": false
    },
    {
      "column": 14,
      "file": "node:internal/modules/cjs/loader",
      "function": "Module._compile",
      "line": 1730,
      "method": "_compile",
      "native": false
    },
    {
      "column": 10,
      "file": "node:internal/modules/cjs/loader",
      "function": "Object..js",
      "line": 1895,
      "method": ".js",
      "native": false
    },
    {
      "column": 32,
      "file": "node:internal/modules/cjs/loader",
      "function": "Module.load",
      "line": 1465,
      "method": "load",
      "native": false
    },
    {
      "column": 12,
      "file": "node:internal/modules/cjs/loader",
      "function": "Function._load",
      "line": 1282,
      "method": "_load",
      "native": false
    },
    {
      "column": 14,
      "file": "node:diagnostics_channel",
      "function": "TracingChannel.traceSync",
      "line": 322,
      "method": "traceSync",
      "native": false
    },
    {
      "column": 24,
      "file": "node:internal/modules/cjs/loader",
      "function": "wrapModuleLoad",
      "line": 235,
      "method": null,
      "native": false
    }
  ]
}
2025-08-06 12:41:38 [[31merror[39m]: uncaughtException: listen EADDRINUSE: address already in use :::8001
Error: listen EADDRINUSE: address already in use :::8001
    at Server.setupListenHandle [as _listen2] (node:net:1939:16)
    at listenInCluster (node:net:1996:12)
    at Server.listen (node:net:2101:7)
    at Object.<anonymous> (C:\Users\Ivan Xavier\CascadeProjects\roulette_go\backend_js\server.js:48:8)
    at Module._compile (node:internal/modules/cjs/loader:1730:14)
    at Object..js (node:internal/modules/cjs/loader:1895:10)
    at Module.load (node:internal/modules/cjs/loader:1465:32)
    at Function._load (node:internal/modules/cjs/loader:1282:12)
    at TracingChannel.traceSync (node:diagnostics_channel:322:14)
    at wrapModuleLoad (node:internal/modules/cjs/loader:235:24)
{
  "error": {
    "code": "EADDRINUSE",
    "errno": -4091,
    "syscall": "listen",
    "address": "::",
    "port": 8001
  },
  "stack": "Error: listen EADDRINUSE: address already in use :::8001\n    at Server.setupListenHandle [as _listen2] (node:net:1939:16)\n    at listenInCluster (node:net:1996:12)\n    at Server.listen (node:net:2101:7)\n    at Object.<anonymous> (C:\\Users\\Ivan Xavier\\CascadeProjects\\roulette_go\\backend_js\\server.js:48:8)\n    at Module._compile (node:internal/modules/cjs/loader:1730:14)\n    at Object..js (node:internal/modules/cjs/loader:1895:10)\n    at Module.load (node:internal/modules/cjs/loader:1465:32)\n    at Function._load (node:internal/modules/cjs/loader:1282:12)\n    at TracingChannel.traceSync (node:diagnostics_channel:322:14)\n    at wrapModuleLoad (node:internal/modules/cjs/loader:235:24)",
  "exception": true,
  "date": "Wed Aug 06 2025 12:41:38 GMT-0300 (Horário Padrão de Brasília)",
  "process": {
    "pid": 29464,
    "uid": null,
    "gid": null,
    "cwd": "C:\\Users\\Ivan Xavier\\CascadeProjects\\roulette_go\\backend_js",
    "execPath": "C:\\Program Files\\nodejs\\node.exe",
    "version": "v22.16.0",
    "argv": [
      "C:\\Program Files\\nodejs\\node.exe",
      "C:\\Users\\Ivan Xavier\\CascadeProjects\\roulette_go\\backend_js\\server.js"
    ],
    "memoryUsage": {
      "rss": 61267968,
      "heapTotal": 20508672,
      "heapUsed": 12496208,
      "external": 2316779,
      "arrayBuffers": 19107
    }
  },
  "os": {
    "loadavg": [
      0,
      0,
      0
    ],
    "uptime": 156431.765
  },
  "trace": [
    {
      "column": 16,
      "file": "node:net",
      "function": "Server.setupListenHandle [as _listen2]",
      "line": 1939,
      "method": "setupListenHandle [as _listen2]",
      "native": false
    },
    {
      "column": 12,
      "file": "node:net",
      "function": "listenInCluster",
      "line": 1996,
      "method": null,
      "native": false
    },
    {
      "column": 7,
      "file": "node:net",
      "function": "Server.listen",
      "line": 2101,
      "method": "listen",
      "native": false
    },
    {
      "column": 8,
      "file": "C:\\Users\\Ivan Xavier\\CascadeProjects\\roulette_go\\backend_js\\server.js",
      "function": null,
      "line": 48,
      "method": null,
      "native": false
    },
    {
      "column": 14,
      "file": "node:internal/modules/cjs/loader",
      "function": "Module._compile",
      "line": 1730,
      "method": "_compile",
      "native": false
    },
    {
      "column": 10,
      "file": "node:internal/modules/cjs/loader",
      "function": "Object..js",
      "line": 1895,
      "method": ".js",
      "native": false
    },
    {
      "column": 32,
      "file": "node:internal/modules/cjs/loader",
      "function": "Module.load",
      "line": 1465,
      "method": "load",
      "native": false
    },
    {
      "column": 12,
      "file": "node:internal/modules/cjs/loader",
      "function": "Function._load",
      "line": 1282,
      "method": "_load",
      "native": false
    },
    {
      "column": 14,
      "file": "node:diagnostics_channel",
      "function": "TracingChannel.traceSync",
      "line": 322,
      "method": "traceSync",
      "native": false
    },
    {
      "column": 24,
      "file": "node:internal/modules/cjs/loader",
      "function": "wrapModuleLoad",
      "line": 235,
      "method": null,
      "native": false
    }
  ]
}
2025-08-06 12:41:38 [[31merror[39m]: uncaughtException: listen EADDRINUSE: address already in use :::8001
Error: listen EADDRINUSE: address already in use :::8001
    at Server.setupListenHandle [as _listen2] (node:net:1939:16)
    at listenInCluster (node:net:1996:12)
    at Server.listen (node:net:2101:7)
    at Object.<anonymous> (C:\Users\Ivan Xavier\CascadeProjects\roulette_go\backend_js\server.js:48:8)
    at Module._compile (node:internal/modules/cjs/loader:1730:14)
    at Object..js (node:internal/modules/cjs/loader:1895:10)
    at Module.load (node:internal/modules/cjs/loader:1465:32)
    at Function._load (node:internal/modules/cjs/loader:1282:12)
    at TracingChannel.traceSync (node:diagnostics_channel:322:14)
    at wrapModuleLoad (node:internal/modules/cjs/loader:235:24)
{
  "error": {
    "code": "EADDRINUSE",
    "errno": -4091,
    "syscall": "listen",
    "address": "::",
    "port": 8001
  },
  "stack": "Error: listen EADDRINUSE: address already in use :::8001\n    at Server.setupListenHandle [as _listen2] (node:net:1939:16)\n    at listenInCluster (node:net:1996:12)\n    at Server.listen (node:net:2101:7)\n    at Object.<anonymous> (C:\\Users\\Ivan Xavier\\CascadeProjects\\roulette_go\\backend_js\\server.js:48:8)\n    at Module._compile (node:internal/modules/cjs/loader:1730:14)\n    at Object..js (node:internal/modules/cjs/loader:1895:10)\n    at Module.load (node:internal/modules/cjs/loader:1465:32)\n    at Function._load (node:internal/modules/cjs/loader:1282:12)\n    at TracingChannel.traceSync (node:diagnostics_channel:322:14)\n    at wrapModuleLoad (node:internal/modules/cjs/loader:235:24)",
  "exception": true,
  "date": "Wed Aug 06 2025 12:41:38 GMT-0300 (Horário Padrão de Brasília)",
  "process": {
    "pid": 27460,
    "uid": null,
    "gid": null,
    "cwd": "C:\\Users\\Ivan Xavier\\CascadeProjects\\roulette_go\\backend_js",
    "execPath": "C:\\Program Files\\nodejs\\node.exe",
    "version": "v22.16.0",
    "argv": [
      "C:\\Program Files\\nodejs\\node.exe",
      "C:\\Users\\Ivan Xavier\\CascadeProjects\\roulette_go\\backend_js\\server.js"
    ],
    "memoryUsage": {
      "rss": 61132800,
      "heapTotal": 20246528,
      "heapUsed": 12590960,
      "external": 2316779,
      "arrayBuffers": 19107
    }
  },
  "os": {
    "loadavg": [
      0,
      0,
      0
    ],
    "uptime": 156431.765
  },
  "trace": [
    {
      "column": 16,
      "file": "node:net",
      "function": "Server.setupListenHandle [as _listen2]",
      "line": 1939,
      "method": "setupListenHandle [as _listen2]",
      "native": false
    },
    {
      "column": 12,
      "file": "node:net",
      "function": "listenInCluster",
      "line": 1996,
      "method": null,
      "native": false
    },
    {
      "column": 7,
      "file": "node:net",
      "function": "Server.listen",
      "line": 2101,
      "method": "listen",
      "native": false
    },
    {
      "column": 8,
      "file": "C:\\Users\\Ivan Xavier\\CascadeProjects\\roulette_go\\backend_js\\server.js",
      "function": null,
      "line": 48,
      "method": null,
      "native": false
    },
    {
      "column": 14,
      "file": "node:internal/modules/cjs/loader",
      "function": "Module._compile",
      "line": 1730,
      "method": "_compile",
      "native": false
    },
    {
      "column": 10,
      "file": "node:internal/modules/cjs/loader",
      "function": "Object..js",
      "line": 1895,
      "method": ".js",
      "native": false
    },
    {
      "column": 32,
      "file": "node:internal/modules/cjs/loader",
      "function": "Module.load",
      "line": 1465,
      "method": "load",
      "native": false
    },
    {
      "column": 12,
      "file": "node:internal/modules/cjs/loader",
      "function": "Function._load",
      "line": 1282,
      "method": "_load",
      "native": false
    },
    {
      "column": 14,
      "file": "node:diagnostics_channel",
      "function": "TracingChannel.traceSync",
      "line": 322,
      "method": "traceSync",
      "native": false
    },
    {
      "column": 24,
      "file": "node:internal/modules/cjs/loader",
      "function": "wrapModuleLoad",
      "line": 235,
      "method": null,
      "native": false
    }
  ]
}
2025-08-06 12:41:38 [[31merror[39m]: uncaughtException: listen EADDRINUSE: address already in use :::8001
Error: listen EADDRINUSE: address already in use :::8001
    at Server.setupListenHandle [as _listen2] (node:net:1939:16)
    at listenInCluster (node:net:1996:12)
    at Server.listen (node:net:2101:7)
    at Object.<anonymous> (C:\Users\Ivan Xavier\CascadeProjects\roulette_go\backend_js\server.js:48:8)
    at Module._compile (node:internal/modules/cjs/loader:1730:14)
    at Object..js (node:internal/modules/cjs/loader:1895:10)
    at Module.load (node:internal/modules/cjs/loader:1465:32)
    at Function._load (node:internal/modules/cjs/loader:1282:12)
    at TracingChannel.traceSync (node:diagnostics_channel:322:14)
    at wrapModuleLoad (node:internal/modules/cjs/loader:235:24)
{
  "error": {
    "code": "EADDRINUSE",
    "errno": -4091,
    "syscall": "listen",
    "address": "::",
    "port": 8001
  },
  "stack": "Error: listen EADDRINUSE: address already in use :::8001\n    at Server.setupListenHandle [as _listen2] (node:net:1939:16)\n    at listenInCluster (node:net:1996:12)\n    at Server.listen (node:net:2101:7)\n    at Object.<anonymous> (C:\\Users\\Ivan Xavier\\CascadeProjects\\roulette_go\\backend_js\\server.js:48:8)\n    at Module._compile (node:internal/modules/cjs/loader:1730:14)\n    at Object..js (node:internal/modules/cjs/loader:1895:10)\n    at Module.load (node:internal/modules/cjs/loader:1465:32)\n    at Function._load (node:internal/modules/cjs/loader:1282:12)\n    at TracingChannel.traceSync (node:diagnostics_channel:322:14)\n    at wrapModuleLoad (node:internal/modules/cjs/loader:235:24)",
  "exception": true,
  "date": "Wed Aug 06 2025 12:41:38 GMT-0300 (Horário Padrão de Brasília)",
  "process": {
    "pid": 28408,
    "uid": null,
    "gid": null,
    "cwd": "C:\\Users\\Ivan Xavier\\CascadeProjects\\roulette_go\\backend_js",
    "execPath": "C:\\Program Files\\nodejs\\node.exe",
    "version": "v22.16.0",
    "argv": [
      "C:\\Program Files\\nodejs\\node.exe",
      "C:\\Users\\Ivan Xavier\\CascadeProjects\\roulette_go\\backend_js\\server.js"
    ],
    "memoryUsage": {
      "rss": 61321216,
      "heapTotal": 19984384,
      "heapUsed": 12638072,
      "external": 2316779,
      "arrayBuffers": 19107
    }
  },
  "os": {
    "loadavg": [
      0,
      0,
      0
    ],
    "uptime": 156431.968
  },
  "trace": [
    {
      "column": 16,
      "file": "node:net",
      "function": "Server.setupListenHandle [as _listen2]",
      "line": 1939,
      "method": "setupListenHandle [as _listen2]",
      "native": false
    },
    {
      "column": 12,
      "file": "node:net",
      "function": "listenInCluster",
      "line": 1996,
      "method": null,
      "native": false
    },
    {
      "column": 7,
      "file": "node:net",
      "function": "Server.listen",
      "line": 2101,
      "method": "listen",
      "native": false
    },
    {
      "column": 8,
      "file": "C:\\Users\\Ivan Xavier\\CascadeProjects\\roulette_go\\backend_js\\server.js",
      "function": null,
      "line": 48,
      "method": null,
      "native": false
    },
    {
      "column": 14,
      "file": "node:internal/modules/cjs/loader",
      "function": "Module._compile",
      "line": 1730,
      "method": "_compile",
      "native": false
    },
    {
      "column": 10,
      "file": "node:internal/modules/cjs/loader",
      "function": "Object..js",
      "line": 1895,
      "method": ".js",
      "native": false
    },
    {
      "column": 32,
      "file": "node:internal/modules/cjs/loader",
      "function": "Module.load",
      "line": 1465,
      "method": "load",
      "native": false
    },
    {
      "column": 12,
      "file": "node:internal/modules/cjs/loader",
      "function": "Function._load",
      "line": 1282,
      "method": "_load",
      "native": false
    },
    {
      "column": 14,
      "file": "node:diagnostics_channel",
      "function": "TracingChannel.traceSync",
      "line": 322,
      "method": "traceSync",
      "native": false
    },
    {
      "column": 24,
      "file": "node:internal/modules/cjs/loader",
      "function": "wrapModuleLoad",
      "line": 235,
      "method": null,
      "native": false
    }
  ]
}
2025-08-07 17:35:21 [[31merror[39m]: uncaughtException: listen EADDRINUSE: address already in use :::8001
Error: listen EADDRINUSE: address already in use :::8001
    at Server.setupListenHandle [as _listen2] (node:net:1939:16)
    at listenInCluster (node:net:1996:12)
    at Server.listen (node:net:2101:7)
    at Object.<anonymous> (C:\Users\Ivan Xavier\CascadeProjects\roulette_go\backend_js\server.js:50:8)
    at Module._compile (node:internal/modules/cjs/loader:1730:14)
    at Object..js (node:internal/modules/cjs/loader:1895:10)
    at Module.load (node:internal/modules/cjs/loader:1465:32)
    at Function._load (node:internal/modules/cjs/loader:1282:12)
    at TracingChannel.traceSync (node:diagnostics_channel:322:14)
    at wrapModuleLoad (node:internal/modules/cjs/loader:235:24)
{
  "error": {
    "code": "EADDRINUSE",
    "errno": -4091,
    "syscall": "listen",
    "address": "::",
    "port": 8001
  },
  "stack": "Error: listen EADDRINUSE: address already in use :::8001\n    at Server.setupListenHandle [as _listen2] (node:net:1939:16)\n    at listenInCluster (node:net:1996:12)\n    at Server.listen (node:net:2101:7)\n    at Object.<anonymous> (C:\\Users\\Ivan Xavier\\CascadeProjects\\roulette_go\\backend_js\\server.js:50:8)\n    at Module._compile (node:internal/modules/cjs/loader:1730:14)\n    at Object..js (node:internal/modules/cjs/loader:1895:10)\n    at Module.load (node:internal/modules/cjs/loader:1465:32)\n    at Function._load (node:internal/modules/cjs/loader:1282:12)\n    at TracingChannel.traceSync (node:diagnostics_channel:322:14)\n    at wrapModuleLoad (node:internal/modules/cjs/loader:235:24)",
  "exception": true,
  "date": "Thu Aug 07 2025 17:35:21 GMT-0300 (Horário Padrão de Brasília)",
  "process": {
    "pid": 7284,
    "uid": null,
    "gid": null,
    "cwd": "C:\\Users\\Ivan Xavier\\CascadeProjects\\roulette_go\\backend_js",
    "execPath": "C:\\Program Files\\nodejs\\node.exe",
    "version": "v22.16.0",
    "argv": [
      "C:\\Program Files\\nodejs\\node.exe",
      "C:\\Users\\Ivan Xavier\\CascadeProjects\\roulette_go\\backend_js\\server.js"
    ],
    "memoryUsage": {
      "rss": 67997696,
      "heapTotal": 20246528,
      "heapUsed": 12399576,
      "external": 2290448,
      "arrayBuffers": 18931
    }
  },
  "os": {
    "loadavg": [
      0,
      0,
      0
    ],
    "uptime": 260454.703
  },
  "trace": [
    {
      "column": 16,
      "file": "node:net",
      "function": "Server.setupListenHandle [as _listen2]",
      "line": 1939,
      "method": "setupListenHandle [as _listen2]",
      "native": false
    },
    {
      "column": 12,
      "file": "node:net",
      "function": "listenInCluster",
      "line": 1996,
      "method": null,
      "native": false
    },
    {
      "column": 7,
      "file": "node:net",
      "function": "Server.listen",
      "line": 2101,
      "method": "listen",
      "native": false
    },
    {
      "column": 8,
      "file": "C:\\Users\\Ivan Xavier\\CascadeProjects\\roulette_go\\backend_js\\server.js",
      "function": null,
      "line": 50,
      "method": null,
      "native": false
    },
    {
      "column": 14,
      "file": "node:internal/modules/cjs/loader",
      "function": "Module._compile",
      "line": 1730,
      "method": "_compile",
      "native": false
    },
    {
      "column": 10,
      "file": "node:internal/modules/cjs/loader",
      "function": "Object..js",
      "line": 1895,
      "method": ".js",
      "native": false
    },
    {
      "column": 32,
      "file": "node:internal/modules/cjs/loader",
      "function": "Module.load",
      "line": 1465,
      "method": "load",
      "native": false
    },
    {
      "column": 12,
      "file": "node:internal/modules/cjs/loader",
      "function": "Function._load",
      "line": 1282,
      "method": "_load",
      "native": false
    },
    {
      "column": 14,
      "file": "node:diagnostics_channel",
      "function": "TracingChannel.traceSync",
      "line": 322,
      "method": "traceSync",
      "native": false
    },
    {
      "column": 24,
      "file": "node:internal/modules/cjs/loader",
      "function": "wrapModuleLoad",
      "line": 235,
      "method": null,
      "native": false
    }
  ]
}
